"","sub","item","boundaryN","wordN","word","trial_type"
"1",3,47,7,1,"Annem","exp_1"
"2",3,47,7,2,"restorana","exp_1"
"3",3,47,7,3,"k?pe?i","exp_1"
"4",3,47,7,4,"ile","exp_1"
"5",3,47,7,5,"geldi","exp_1"
"6",3,47,7,6,"ve","exp_1"
"7",3,47,7,7,"yan","exp_1"
"8",3,47,7,8,"masadaki","exp_1"
"9",3,47,7,9,"insanlar?n","exp_1"
"10",3,47,7,10,"tepkisini","exp_1"
"11",3,47,7,11,"?ekti.","exp_1"
"12",3,38,7,1,"Bug?n","exp_1"
"13",3,38,7,2,"yap?lan","exp_1"
"14",3,38,7,3,"i?","exp_1"
"15",3,38,7,4,"g?r??mesinde","exp_1"
"16",3,38,7,5,"baz?","exp_1"
"17",3,38,7,6,"adaylar","exp_1"
"18",3,38,7,7,"i?e","exp_1"
"19",3,38,7,8,"al?nd?","exp_1"
"20",3,38,7,9,"lakin","exp_1"
"21",3,38,7,10,"baz?lar?","exp_1"
"22",3,38,7,11,"al?nmad?.","exp_1"
"23",3,44,5,1,"Resim","exp_1"
"24",3,44,5,2,"sergisinden","exp_1"
"25",3,44,5,3,"ald???m","exp_1"
"26",3,44,5,4,"tablo","exp_1"
"27",3,44,5,5,"eve","exp_1"
"28",3,44,5,6,"getirilince","exp_1"
"29",3,44,5,7,"sergideki","exp_1"
"30",3,44,5,8,"gibi","exp_1"
"31",3,44,5,9,"g?zel","exp_1"
"32",3,44,5,10,"durmad?.","exp_1"
"33",3,7,6,1,"?ok","exp_1"
"34",3,7,6,2,"gen?","exp_1"
"35",3,7,6,3,"ya?ta","exp_1"
"36",3,7,6,4,"dolu","exp_1"
"37",3,7,6,5,"dizgin","exp_1"
"38",3,7,6,6,"a?k","exp_1"
"39",3,7,6,7,"ya?ad?","exp_1"
"40",3,7,6,8,"haliyle","exp_1"
"41",3,7,6,9,"kalbi","exp_1"
"42",3,7,6,10,"k?r?ld?.","exp_1"
"43",3,60,4,1,"Restorandaki","exp_1"
"44",3,60,4,2,"t?m","exp_1"
"45",3,60,4,3,"yemeklere","exp_1"
"46",3,60,4,4,"ac?","exp_1"
"47",3,60,4,5,"koymu?lar","exp_1"
"48",3,60,4,6,"bu","exp_1"
"49",3,60,4,7,"y?zden","exp_1"
"50",3,60,4,8,"hi?birini","exp_1"
"51",3,60,4,9,"yiyemedim.","exp_1"
"52",3,31,4,1,"Bug?n","exp_1"
"53",3,31,4,2,"okula","exp_1"
"54",3,31,4,3,"giderken","exp_1"
"55",3,31,4,4,"kar","exp_1"
"56",3,31,4,5,"ya??yordu","exp_1"
"57",3,31,4,6,"bu","exp_1"
"58",3,31,4,7,"sebeple","exp_1"
"59",3,31,4,8,"hasta","exp_1"
"60",3,31,4,9,"oldum.","exp_1"
"61",3,74,5,1,"?devimi","exp_1"
"62",3,74,5,2,"bug?n","exp_1"
"63",3,74,5,3,"bitirebilirsem","exp_1"
"64",3,74,5,4,"arkada?lar?m","exp_1"
"65",3,74,5,5,"ile","exp_1"
"66",3,74,5,6,"??kabilirim","exp_1"
"67",3,74,5,7,"bu","exp_1"
"68",3,74,5,8,"y?zden","exp_1"
"69",3,74,5,9,"sabahtan","exp_1"
"70",3,74,5,10,"beri","exp_1"
"71",3,74,5,11,"u?ra??yorum.","exp_1"
"72",3,12,3,1,"Babam","exp_1"
"73",3,12,3,2,"hep","exp_1"
"74",3,12,3,3,"caz","exp_1"
"75",3,12,3,4,"dinler","exp_1"
"76",3,12,3,5,"ve","exp_1"
"77",3,12,3,6,"bizede","exp_1"
"78",3,12,3,7,"zorla","exp_1"
"79",3,12,3,8,"dinletmek","exp_1"
"80",3,12,3,9,"ister.","exp_1"
"81",3,40,6,1,"Tarladaki","exp_1"
"82",3,40,6,2,"patateslerin","exp_1"
"83",3,40,6,3,"hepsi","exp_1"
"84",3,40,6,4,"bozuldu","exp_1"
"85",3,40,6,5,"ve","exp_1"
"86",3,40,6,6,"t?m","exp_1"
"87",3,40,6,7,"emekler","exp_1"
"88",3,40,6,8,"bo?a","exp_1"
"89",3,40,6,9,"gitti.","exp_1"
"90",3,58,7,1,"Bug?n","exp_1"
"91",3,58,7,2,"hava","exp_1"
"92",3,58,7,3,"so?uk","exp_1"
"93",3,58,7,4,"olaca??","exp_1"
"94",3,58,7,5,"i?in","exp_1"
"95",3,58,7,6,"annem","exp_1"
"96",3,58,7,7,"t?m","exp_1"
"97",3,58,7,8,"?nlemleri","exp_1"
"98",3,58,7,9,"ald?","exp_1"
"99",3,58,7,10,"ama","exp_1"
"100",3,58,7,11,"yine","exp_1"
"101",3,58,7,12,"de","exp_1"
"102",3,58,7,13,"???d?k.","exp_1"
"103",3,5,6,1,"??retmenleri","exp_1"
"104",3,5,6,2,"hasta","exp_1"
"105",3,5,6,3,"oldu?u","exp_1"
"106",3,5,6,4,"i?in","exp_1"
"107",3,5,6,5,"dersleri","exp_1"
"108",3,5,6,6,"bo?","exp_1"
"109",3,5,6,7,"ge?iyordu","exp_1"
"110",3,5,6,8,"ve","exp_1"
"111",3,5,6,9,"konuyu","exp_1"
"112",3,5,6,10,"??renememi?ti.","exp_1"
"113",3,15,4,1,"Son","exp_1"
"114",3,15,4,2,"zamanlarda","exp_1"
"115",3,15,4,3,"depoda","exp_1"
"116",3,15,4,4,"mal","exp_1"
"117",3,15,4,5,"kalmaz","exp_1"
"118",3,15,4,6,"oldu","exp_1"
"119",3,15,4,7,"??nk?","exp_1"
"120",3,15,4,8,"herkes","exp_1"
"121",3,15,4,9,"?ok","exp_1"
"122",3,15,4,10,"al??veri?","exp_1"
"123",3,15,4,11,"yap?yor.","exp_1"
"124",3,29,6,1,"Ya?murdan","exp_1"
"125",3,29,6,2,"?amur","exp_1"
"126",3,29,6,3,"olan","exp_1"
"127",3,29,6,4,"pantolonumu","exp_1"
"128",3,29,6,5,"iki","exp_1"
"129",3,29,6,6,"kez","exp_1"
"130",3,29,6,7,"y?kad?m","exp_1"
"131",3,29,6,8,"lakin","exp_1"
"132",3,29,6,9,"halen","exp_1"
"133",3,29,6,10,"lekeli.","exp_1"
"134",3,10,5,1,"Do?um","exp_1"
"135",3,10,5,2,"g?n?nde","exp_1"
"136",3,10,5,3,"arkada?lar?","exp_1"
"137",3,10,5,4,"ona","exp_1"
"138",3,10,5,5,"bot","exp_1"
"139",3,10,5,6,"ald?","exp_1"
"140",3,10,5,7,"ama","exp_1"
"141",3,10,5,8,"ona","exp_1"
"142",3,10,5,9,"bol","exp_1"
"143",3,10,5,10,"geldi?i","exp_1"
"144",3,10,5,11,"i?in","exp_1"
"145",3,10,5,12,"de?i?tirdi.","exp_1"
"146",3,16,5,1,"Oyunu","exp_1"
"147",3,16,5,2,"kazanmas?n?n","exp_1"
"148",3,16,5,3,"sebebi","exp_1"
"149",3,16,5,4,"iyi","exp_1"
"150",3,16,5,5,"zar","exp_1"
"151",3,16,5,6,"atabilmesiydi.","exp_1"
"152",3,50,8,1,"Arkada?lar?m?n","exp_1"
"153",3,50,8,2,"ya?","exp_1"
"154",3,50,8,3,"g?n?","exp_1"
"155",3,50,8,4,"s?rprizi","exp_1"
"156",3,50,8,5,"i?in","exp_1"
"157",3,50,8,6,"ald???","exp_1"
"158",3,50,8,7,"pastay?","exp_1"
"159",3,50,8,8,"hep","exp_1"
"160",3,50,8,9,"beraber","exp_1"
"161",3,50,8,10,"yedik","exp_1"
"162",3,50,8,11,"ama","exp_1"
"163",3,50,8,12,"yine","exp_1"
"164",3,50,8,13,"de","exp_1"
"165",3,50,8,14,"bitiremedik.","exp_1"
"166",3,52,7,1,"Marketten","exp_1"
"167",3,52,7,2,"evim","exp_1"
"168",3,52,7,3,"i?in","exp_1"
"169",3,52,7,4,"birka?","exp_1"
"170",3,52,7,5,"tane","exp_1"
"171",3,52,7,6,"kokulu","exp_1"
"172",3,52,7,7,"mum","exp_1"
"173",3,52,7,8,"ald?m","exp_1"
"174",3,52,7,9,"ama","exp_1"
"175",3,52,7,10,"eve","exp_1"
"176",3,52,7,11,"geldi?imde","exp_1"
"177",3,52,7,12,"kokmad?klar?n?","exp_1"
"178",3,52,7,13,"fark","exp_1"
"179",3,52,7,14,"ettim.","exp_1"
"180",3,69,4,1,"Her","exp_1"
"181",3,69,4,2,"hafta","exp_1"
"182",3,69,4,3,"mutlaka","exp_1"
"183",3,69,4,4,"ton","exp_1"
"184",3,69,4,5,"bal???","exp_1"
"185",3,69,4,6,"yerler","exp_1"
"186",3,69,4,7,"ve","exp_1"
"187",3,69,4,8,"bizi","exp_1"
"188",3,69,4,9,"de","exp_1"
"189",3,69,4,10,"davet","exp_1"
"190",3,69,4,11,"ederler.","exp_1"
"191",3,28,8,1,"Yeni","exp_1"
"192",3,28,8,2,"evi","exp_1"
"193",3,28,8,3,"i?in","exp_1"
"194",3,28,8,4,"ald???","exp_1"
"195",3,28,8,5,"saat","exp_1"
"196",3,28,8,6,"duvarda","exp_1"
"197",3,28,8,7,"?ok","exp_1"
"198",3,28,8,8,"iri","exp_1"
"199",3,28,8,9,"durdu","exp_1"
"200",3,28,8,10,"bu","exp_1"
"201",3,28,8,11,"sebeple","exp_1"
"202",3,28,8,12,"iade","exp_1"
"203",3,28,8,13,"ettirdi.","exp_1"
"204",3,34,8,1,"Tatile","exp_1"
"205",3,34,8,2,"dair","exp_1"
"206",3,34,8,3,"akl?mda","exp_1"
"207",3,34,8,4,"kalan","exp_1"
"208",3,34,8,5,"en","exp_1"
"209",3,34,8,6,"g?zel","exp_1"
"210",3,34,8,7,"detay","exp_1"
"211",3,34,8,8,"g?l","exp_1"
"212",3,34,8,9,"manzaras?yd?","exp_1"
"213",3,34,8,10,"ve","exp_1"
"214",3,34,8,11,"hayat?mda","exp_1"
"215",3,34,8,12,"g?rd???m","exp_1"
"216",3,34,8,13,"en","exp_1"
"217",3,34,8,14,"g?zel","exp_1"
"218",3,34,8,15,"manzarayd?.","exp_1"
"219",3,26,4,1,"Yoga","exp_1"
"220",3,26,4,2,"yapmak","exp_1"
"221",3,26,4,3,"insan?","exp_1"
"222",3,26,4,4,"iyi","exp_1"
"223",3,26,4,5,"hissettirir","exp_1"
"224",3,26,4,6,"ve","exp_1"
"225",3,26,4,7,"sa?l?kl?","exp_1"
"226",3,26,4,8,"olmas?n?","exp_1"
"227",3,26,4,9,"sa?lar.","exp_1"
"228",3,65,6,1,"Eski","exp_1"
"229",3,65,6,2,"evimizdeki","exp_1"
"230",3,65,6,3,"e?yalar?","exp_1"
"231",3,65,6,4,"yeni","exp_1"
"232",3,65,6,5,"ald???m?z","exp_1"
"233",3,65,6,6,"eve","exp_1"
"234",3,65,6,7,"ta??d?k","exp_1"
"235",3,65,6,8,"bu","exp_1"
"236",3,65,6,9,"y?zden","exp_1"
"237",3,65,6,10,"?ok","exp_1"
"238",3,65,6,11,"yorgunuz.","exp_1"
"239",3,57,7,1,"S?z","exp_1"
"240",3,57,7,2,"verdi?i","exp_1"
"241",3,57,7,3,"gibi","exp_1"
"242",3,57,7,4,"yemek","exp_1"
"243",3,57,7,5,"i?in","exp_1"
"244",3,57,7,6,"bize","exp_1"
"245",3,57,7,7,"sos","exp_1"
"246",3,57,7,8,"haz?rlayacak","exp_1"
"247",3,57,7,9,"o","exp_1"
"248",3,57,7,10,"y?zden","exp_1"
"249",3,57,7,11,"biz","exp_1"
"250",3,57,7,12,"de","exp_1"
"251",3,57,7,13,"makarnay?","exp_1"
"252",3,57,7,14,"yap?yoruz.","exp_1"
"253",3,61,3,1,"Buzdolab?ndaki","exp_1"
"254",3,61,3,2,"ekmek","exp_1"
"255",3,61,3,3,"k?f","exp_1"
"256",3,61,3,4,"olmu?","exp_1"
"257",3,61,3,5,"o","exp_1"
"258",3,61,3,6,"y?zden","exp_1"
"259",3,61,3,7,"ku?lara","exp_1"
"260",3,61,3,8,"veremedim.","exp_1"
"261",3,22,7,1,"Toplant?","exp_1"
"262",3,22,7,2,"uzun","exp_1"
"263",3,22,7,3,"s?rd???","exp_1"
"264",3,22,7,4,"i?in","exp_1"
"265",3,22,7,5,"bug?n","exp_1"
"266",3,22,7,6,"i?ten","exp_1"
"267",3,22,7,7,"ge?","exp_1"
"268",3,22,7,8,"ayr?ld?m","exp_1"
"269",3,22,7,9,"ve","exp_1"
"270",3,22,7,10,"k?z","exp_1"
"271",3,22,7,11,"arkada??mla","exp_1"
"272",3,22,7,12,"bulu?amad?m.","exp_1"
"273",3,23,6,1,"Ma?","exp_1"
"274",3,23,6,2,"s?recinde","exp_1"
"275",3,23,6,3,"oyuncular","exp_1"
"276",3,23,6,4,"seyircileri","exp_1"
"277",3,23,6,5,"bir?ok","exp_1"
"278",3,23,6,6,"kez","exp_1"
"279",3,23,6,7,"selamlad?","exp_1"
"280",3,23,6,8,"ve","exp_1"
"281",3,23,6,9,"bu","exp_1"
"282",3,23,6,10,"durum","exp_1"
"283",3,23,6,11,"herkesi","exp_1"
"284",3,23,6,12,"?ok","exp_1"
"285",3,23,6,13,"mutlu","exp_1"
"286",3,23,6,14,"etti.","exp_1"
"287",3,8,4,1,"Babam","exp_1"
"288",3,8,4,2,"?ok","exp_1"
"289",3,8,4,3,"g?zel","exp_1"
"290",3,8,4,4,"ney","exp_1"
"291",3,8,4,5,"?fl?yor","exp_1"
"292",3,8,4,6,"bu","exp_1"
"293",3,8,4,7,"y?zden","exp_1"
"294",3,8,4,8,"herkes","exp_1"
"295",3,8,4,9,"onu","exp_1"
"296",3,8,4,10,"dinlemeye","exp_1"
"297",3,8,4,11,"geliyor.","exp_1"
"298",3,19,4,1,"Patronunun","exp_1"
"299",3,19,4,2,"bask?lar?na","exp_1"
"300",3,19,4,3,"dayanamay?p","exp_1"
"301",3,19,4,4,"i?i","exp_1"
"302",3,19,4,5,"b?rakt?","exp_1"
"303",3,19,4,6,"ama","exp_1"
"304",3,19,4,7,"bu","exp_1"
"305",3,19,4,8,"karar?ndan","exp_1"
"306",3,19,4,9,"dolay?","exp_1"
"307",3,19,4,10,"?ok","exp_1"
"308",3,19,4,11,"pi?man","exp_1"
"309",3,19,4,12,"oldu.","exp_1"
"310",3,72,10,1,"Ona","exp_1"
"311",3,72,10,2,"yerinde","exp_1"
"312",3,72,10,3,"oturmazsa","exp_1"
"313",3,72,10,4,"oyuna","exp_1"
"314",3,72,10,5,"bir","exp_1"
"315",3,72,10,6,"daha","exp_1"
"316",3,72,10,7,"geri","exp_1"
"317",3,72,10,8,"d?nemeyece?ini","exp_1"
"318",3,72,10,9,"bir?ok","exp_1"
"319",3,72,10,10,"kez","exp_1"
"320",3,72,10,11,"s?yledim","exp_1"
"321",3,72,10,12,"ama","exp_1"
"322",3,72,10,13,"beni","exp_1"
"323",3,72,10,14,"dinlemedi.","exp_1"
"324",3,53,6,1,"En","exp_1"
"325",3,53,6,2,"sevdi?i","exp_1"
"326",3,53,6,3,"?izgi","exp_1"
"327",3,53,6,4,"film","exp_1"
"328",3,53,6,5,"kahraman?","exp_1"
"329",3,53,6,6,"ile","exp_1"
"330",3,53,6,7,"foto?raf","exp_1"
"331",3,53,6,8,"?ekildi","exp_1"
"332",3,53,6,9,"ama","exp_1"
"333",3,53,6,10,"yanl??l?kla","exp_1"
"334",3,53,6,11,"foto?raf?","exp_1"
"335",3,53,6,12,"sildi.","exp_1"
"336",3,45,8,1,"D?n","exp_1"
"337",3,45,8,2,"ya?l?","exp_1"
"338",3,45,8,3,"adam","exp_1"
"339",3,45,8,4,"yolun","exp_1"
"340",3,45,8,5,"kenar?nda","exp_1"
"341",3,45,8,6,"bu","exp_1"
"342",3,45,8,7,"saatlerde","exp_1"
"343",3,45,8,8,"s?t","exp_1"
"344",3,45,8,9,"sat?yordu","exp_1"
"345",3,45,8,10,"biz","exp_1"
"346",3,45,8,11,"de","exp_1"
"347",3,45,8,12,"ge?erken","exp_1"
"348",3,45,8,13,"biraz","exp_1"
"349",3,45,8,14,"s?t","exp_1"
"350",3,45,8,15,"ald?k.","exp_1"
"351",3,76,7,1,"Mezuniyetimde","exp_1"
"352",3,76,7,2,"kullanmak","exp_1"
"353",3,76,7,3,"i?in","exp_1"
"354",3,76,7,4,"yeni","exp_1"
"355",3,76,7,5,"pembe","exp_1"
"356",3,76,7,6,"bir","exp_1"
"357",3,76,7,7,"ruj","exp_1"
"358",3,76,7,8,"ald?m","exp_1"
"359",3,76,7,9,"ama","exp_1"
"360",3,76,7,10,"mezuniyete","exp_1"
"361",3,76,7,11,"giderken","exp_1"
"362",3,76,7,12,"yan?ma","exp_1"
"363",3,76,7,13,"almay?","exp_1"
"364",3,76,7,14,"unuttum.","exp_1"
"365",3,48,5,1,"Arkada??m","exp_1"
"366",3,48,5,2,"i?in","exp_1"
"367",3,48,5,3,"ald???m","exp_1"
"368",3,48,5,4,"kolyedeki","exp_1"
"369",3,48,5,5,"ta?","exp_1"
"370",3,48,5,6,"d??m??","exp_1"
"371",3,48,5,7,"o","exp_1"
"372",3,48,5,8,"y?zden","exp_1"
"373",3,48,5,9,"yeni","exp_1"
"374",3,48,5,10,"kolye","exp_1"
"375",3,48,5,11,"ald?m.","exp_1"
"376",3,73,9,1,"Kitapta","exp_1"
"377",3,73,9,2,"karakterler","exp_1"
"378",3,73,9,3,"iyi","exp_1"
"379",3,73,9,4,"betimlenmemi?","exp_1"
"380",3,73,9,5,"olsa","exp_1"
"381",3,73,9,6,"da","exp_1"
"382",3,73,9,7,"nobel","exp_1"
"383",3,73,9,8,"?d?l?ne","exp_1"
"384",3,73,9,9,"hak","exp_1"
"385",3,73,9,10,"kazand?","exp_1"
"386",3,73,9,11,"ve","exp_1"
"387",3,73,9,12,"bu","exp_1"
"388",3,73,9,13,"durum","exp_1"
"389",3,73,9,14,"herkesi","exp_1"
"390",3,73,9,15,"?ok","exp_1"
"391",3,73,9,16,"?a??rtt?.","exp_1"
"392",3,25,5,1,"D?nk?","exp_1"
"393",3,25,5,2,"matematik","exp_1"
"394",3,25,5,3,"s?nav?","exp_1"
"395",3,25,5,4,"?ok","exp_1"
"396",3,25,5,5,"zor","exp_1"
"397",3,25,5,6,"ge?ti?i","exp_1"
"398",3,25,5,7,"i?in","exp_1"
"399",3,25,5,8,"dersten","exp_1"
"400",3,25,5,9,"kalaca??ma","exp_1"
"401",3,25,5,10,"eminim.","exp_1"
"402",3,30,6,1,"Trafik","exp_1"
"403",3,30,6,2,"s?k???kl???n?","exp_1"
"404",3,30,6,3,"?nlemek","exp_1"
"405",3,30,6,4,"i?in","exp_1"
"406",3,30,6,5,"yeni","exp_1"
"407",3,30,6,6,"yol","exp_1"
"408",3,30,6,7,"yap?lmad?","exp_1"
"409",3,30,6,8,"bu","exp_1"
"410",3,30,6,9,"y?zden","exp_1"
"411",3,30,6,10,"trafikten","exp_1"
"412",3,30,6,11,"kurtulamad?k.","exp_1"
"413",3,20,4,1,"Yeme?in","exp_1"
"414",3,20,4,2,"i?ine","exp_1"
"415",3,20,4,3,"fazla","exp_1"
"416",3,20,4,4,"tuz","exp_1"
"417",3,20,4,5,"atm??t?","exp_1"
"418",3,20,4,6,"bu","exp_1"
"419",3,20,4,7,"sebeple","exp_1"
"420",3,20,4,8,"kimse","exp_1"
"421",3,20,4,9,"yeme?i","exp_1"
"422",3,20,4,10,"yiyemedi.","exp_1"
"423",3,17,3,1,"Da??n","exp_1"
"424",3,17,3,2,"yamac?n?","exp_1"
"425",3,17,3,3,"kar","exp_1"
"426",3,17,3,4,"kaplam??t?","exp_1"
"427",3,17,3,5,"bu","exp_1"
"428",3,17,3,6,"sebeple","exp_1"
"429",3,17,3,7,"?ok","exp_1"
"430",3,17,3,8,"g?zel","exp_1"
"431",3,17,3,9,"g?r?n?yordu.","exp_1"
"432",3,51,7,1,"?ocuklar","exp_1"
"433",3,51,7,2,"oyun","exp_1"
"434",3,51,7,3,"oynarken","exp_1"
"435",3,51,7,4,"zaman?n","exp_1"
"436",3,51,7,5,"nas?l","exp_1"
"437",3,51,7,6,"ge?ti?ini","exp_1"
"438",3,51,7,7,"hi?","exp_1"
"439",3,51,7,8,"anlamazlar","exp_1"
"440",3,51,7,9,"ve","exp_1"
"441",3,51,7,10,"bu","exp_1"
"442",3,51,7,11,"y?zden","exp_1"
"443",3,51,7,12,"eve","exp_1"
"444",3,51,7,13,"ge?","exp_1"
"445",3,51,7,14,"kal?rlar.","exp_1"
"446",3,49,5,1,"Piknikte","exp_1"
"447",3,49,5,2,"oynamak","exp_1"
"448",3,49,5,3,"i?in","exp_1"
"449",3,49,5,4,"yan?m?za","exp_1"
"450",3,49,5,5,"top","exp_1"
"451",3,49,5,6,"ald?k","exp_1"
"452",3,49,5,7,"ama","exp_1"
"453",3,49,5,8,"hi?","exp_1"
"454",3,49,5,9,"oynayamad?k.","exp_1"
"455",3,4,6,1,"?ok","exp_1"
"456",3,4,6,2,"yak?n","exp_1"
"457",3,4,6,3,"zamanda","exp_1"
"458",3,4,6,4,"bu","exp_1"
"459",3,4,6,5,"da?dan","exp_1"
"460",3,4,6,6,"???","exp_1"
"461",3,4,6,7,"d??t?","exp_1"
"462",3,4,6,8,"ve","exp_1"
"463",3,4,6,9,"bir","exp_1"
"464",3,4,6,10,"?ok","exp_1"
"465",3,4,6,11,"ki?i","exp_1"
"466",3,4,6,12,"yaraland?.","exp_1"
"467",3,21,3,1,"Yar?n","exp_1"
"468",3,21,3,2,"bah?eden","exp_1"
"469",3,21,3,3,"dut","exp_1"
"470",3,21,3,4,"toplayacaklar.","exp_1"
"471",3,68,8,1,"E?er","exp_1"
"472",3,68,8,2,"d?md?z","exp_1"
"473",3,68,8,3,"y?r?meye","exp_1"
"474",3,68,8,4,"devam","exp_1"
"475",3,68,8,5,"edersen","exp_1"
"476",3,68,8,6,"yolun","exp_1"
"477",3,68,8,7,"sonunda","exp_1"
"478",3,68,8,8,"onu","exp_1"
"479",3,68,8,9,"g?receksin.","exp_1"
"480",3,55,3,1,"?ama??r","exp_1"
"481",3,55,3,2,"ast???m","exp_1"
"482",3,55,3,3,"ipi","exp_1"
"483",3,55,3,4,"kopard?m","exp_1"
"484",3,55,3,5,"ve","exp_1"
"485",3,55,3,6,"b?t?n","exp_1"
"486",3,55,3,7,"?ama??rlar?m","exp_1"
"487",3,55,3,8,"soka?a","exp_1"
"488",3,55,3,9,"d?k?ld?.","exp_1"
"489",3,9,5,1,"Her","exp_1"
"490",3,9,5,2,"sabah","exp_1"
"491",3,9,5,3,"erken","exp_1"
"492",3,9,5,4,"saatlerde","exp_1"
"493",3,9,5,5,"ku?","exp_1"
"494",3,9,5,6,"?t?yordu","exp_1"
"495",3,9,5,7,"ve","exp_1"
"496",3,9,5,8,"onu","exp_1"
"497",3,9,5,9,"uyand?r?yordu.","exp_1"
"498",3,80,5,1,"Ya?l?","exp_1"
"499",3,80,5,2,"kad?n","exp_1"
"500",3,80,5,3,"bu","exp_1"
"501",3,80,5,4,"yoldan","exp_1"
"502",3,80,5,5,"hep","exp_1"
"503",3,80,5,6,"ge?er","exp_1"
"504",3,80,5,7,"ve","exp_1"
"505",3,80,5,8,"her","exp_1"
"506",3,80,5,9,"seferinde","exp_1"
"507",3,80,5,10,"tedirgin","exp_1"
"508",3,80,5,11,"olur.","exp_1"
"509",3,13,7,1,"Havalar","exp_1"
"510",3,13,7,2,"o","exp_1"
"511",3,13,7,3,"kadar","exp_1"
"512",3,13,7,4,"so?udu","exp_1"
"513",3,13,7,5,"ki","exp_1"
"514",3,13,7,6,"sonunda","exp_1"
"515",3,13,7,7,"kar","exp_1"
"516",3,13,7,8,"ya?d?","exp_1"
"517",3,13,7,9,"ve","exp_1"
"518",3,13,7,10,"her","exp_1"
"519",3,13,7,11,"yer","exp_1"
"520",3,13,7,12,"bembeyaz","exp_1"
"521",3,13,7,13,"oldu.","exp_1"
"522",3,64,7,1,"Yeme?ini","exp_1"
"523",3,64,7,2,"bitirdikten","exp_1"
"524",3,64,7,3,"sonra","exp_1"
"525",3,64,7,4,"garson","exp_1"
"526",3,64,7,5,"masay?","exp_1"
"527",3,64,7,6,"?ok","exp_1"
"528",3,64,7,7,"iyi","exp_1"
"529",3,64,7,8,"temizledi","exp_1"
"530",3,64,7,9,"bu","exp_1"
"531",3,64,7,10,"sebepten","exp_1"
"532",3,64,7,11,"fazla","exp_1"
"533",3,64,7,12,"bah?i?","exp_1"
"534",3,64,7,13,"verdik.","exp_1"
"535",3,11,8,1,"G?ne?","exp_1"
"536",3,11,8,2,"kremi","exp_1"
"537",3,11,8,3,"s?rmedi?i","exp_1"
"538",3,11,8,4,"zaman","exp_1"
"539",3,11,8,5,"y?z?nde","exp_1"
"540",3,11,8,6,"?ok","exp_1"
"541",3,11,8,7,"fazla","exp_1"
"542",3,11,8,8,"?il","exp_1"
"543",3,11,8,9,"??k?yordu","exp_1"
"544",3,11,8,10,"bu","exp_1"
"545",3,11,8,11,"sebeple","exp_1"
"546",3,11,8,12,"kapat?c?","exp_1"
"547",3,11,8,13,"kullan?yordu.","exp_1"
"548",3,59,5,1,"K?pe?im","exp_1"
"549",3,59,5,2,"i?in","exp_1"
"550",3,59,5,3,"ald???m","exp_1"
"551",3,59,5,4,"tasma","exp_1"
"552",3,59,5,5,"?ok","exp_1"
"553",3,59,5,6,"b?y?k","exp_1"
"554",3,59,5,7,"geldi","exp_1"
"555",3,59,5,8,"bu","exp_1"
"556",3,59,5,9,"y?zden","exp_1"
"557",3,59,5,10,"ben","exp_1"
"558",3,59,5,11,"de","exp_1"
"559",3,59,5,12,"onu","exp_1"
"560",3,59,5,13,"kom?uma","exp_1"
"561",3,59,5,14,"verdim.","exp_1"
"562",3,2,6,1,"Denemeden","exp_1"
"563",3,2,6,2,"ald???","exp_1"
"564",3,2,6,3,"b?t?n","exp_1"
"565",3,2,6,4,"elbiseler","exp_1"
"566",3,2,6,5,"ona","exp_1"
"567",3,2,6,6,"bol","exp_1"
"568",3,2,6,7,"gelmi?","exp_1"
"569",3,2,6,8,"ve","exp_1"
"570",3,2,6,9,"de?i?tirmek","exp_1"
"571",3,2,6,10,"durumunda","exp_1"
"572",3,2,6,11,"kalm??t?.","exp_1"
"573",3,3,5,1,"T?m","exp_1"
"574",3,3,5,2,"g?n","exp_1"
"575",3,3,5,3,"boyunca","exp_1"
"576",3,3,5,4,"sadece","exp_1"
"577",3,3,5,5,"nar","exp_1"
"578",3,3,5,6,"yedi","exp_1"
"579",3,3,5,7,"ve","exp_1"
"580",3,3,5,8,"a?l?ktan","exp_1"
"581",3,3,5,9,"bay?ld?.","exp_1"
"582",3,27,6,1,"K?z","exp_1"
"583",3,27,6,2,"arkada??m","exp_1"
"584",3,27,6,3,"bizim","exp_1"
"585",3,27,6,4,"eve","exp_1"
"586",3,27,6,5,"k?pe?i","exp_1"
"587",3,27,6,6,"ile","exp_1"
"588",3,27,6,7,"geldi","exp_1"
"589",3,27,6,8,"ama","exp_1"
"590",3,27,6,9,"ben","exp_1"
"591",3,27,6,10,"k?pe?inden","exp_1"
"592",3,27,6,11,"?ok","exp_1"
"593",3,27,6,12,"korktum.","exp_1"
"594",3,63,9,1,"Bu","exp_1"
"595",3,63,9,2,"y?l","exp_1"
"596",3,63,9,3,"ikimiz","exp_1"
"597",3,63,9,4,"de","exp_1"
"598",3,63,9,5,"mezun","exp_1"
"599",3,63,9,6,"oldu?umuz","exp_1"
"600",3,63,9,7,"i?in","exp_1"
"601",3,63,9,8,"tatile","exp_1"
"602",3,63,9,9,"k?z","exp_1"
"603",3,63,9,10,"karde?imle","exp_1"
"604",3,63,9,11,"beraber","exp_1"
"605",3,63,9,12,"gidece?iz.","exp_1"
"606",3,81,6,1,"Arkada??m?n","exp_1"
"607",3,81,6,2,"do?um","exp_1"
"608",3,81,6,3,"g?n?","exp_1"
"609",3,81,6,4,"partisine","exp_1"
"610",3,81,6,5,"kuzenin","exp_1"
"611",3,81,6,6,"ile","exp_1"
"612",3,81,6,7,"gelebilirsin","exp_1"
"613",3,81,6,8,"b?ylece","exp_1"
"614",3,81,6,9,"annen","exp_1"
"615",3,81,6,10,"hay?r","exp_1"
"616",3,81,6,11,"diyemez.","exp_1"
"617",3,71,5,1,"Marketten","exp_1"
"618",3,71,5,2,"ald???m","exp_1"
"619",3,71,5,3,"elma","exp_1"
"620",3,71,5,4,"pek","exp_1"
"621",3,71,5,5,"iyi","exp_1"
"622",3,71,5,6,"??kmad?","exp_1"
"623",3,71,5,7,"o","exp_1"
"624",3,71,5,8,"y?zden","exp_1"
"625",3,71,5,9,"yeni","exp_1"
"626",3,71,5,10,"elmalar","exp_1"
"627",3,71,5,11,"almaya","exp_1"
"628",3,71,5,12,"gidiyorum.","exp_1"
"629",3,33,7,1,"Bug?n","exp_1"
"630",3,33,7,2,"kendimi","exp_1"
"631",3,33,7,3,"hi?","exp_1"
"632",3,33,7,4,"iyi","exp_1"
"633",3,33,7,5,"hissetmedi?im","exp_1"
"634",3,33,7,6,"i?in","exp_1"
"635",3,33,7,7,"eve","exp_1"
"636",3,33,7,8,"erken","exp_1"
"637",3,33,7,9,"d?nece?im.","exp_1"
"638",3,75,6,1,"En","exp_1"
"639",3,75,6,2,"son","exp_1"
"640",3,75,6,3,"gitti?imiz","exp_1"
"641",3,75,6,4,"film","exp_1"
"642",3,75,6,5,"hepimizi","exp_1"
"643",3,75,6,6,"?ok","exp_1"
"644",3,75,6,7,"etkiledi","exp_1"
"645",3,75,6,8,"o","exp_1"
"646",3,75,6,9,"y?zden","exp_1"
"647",3,75,6,10,"b?t?n","exp_1"
"648",3,75,6,11,"arkada?lar?ma","exp_1"
"649",3,75,6,12,"tavsiye","exp_1"
"650",3,75,6,13,"ettim.","exp_1"
"651",3,6,6,1,"Eve","exp_1"
"652",3,6,6,2,"geldi?i","exp_1"
"653",3,6,6,3,"zaman","exp_1"
"654",3,6,6,4,"?st?","exp_1"
"655",3,6,6,5,"ba??","exp_1"
"656",3,6,6,6,"toz","exp_1"
"657",3,6,6,7,"olmu?tu","exp_1"
"658",3,6,6,8,"bu","exp_1"
"659",3,6,6,9,"sebeple","exp_1"
"660",3,6,6,10,"du?a","exp_1"
"661",3,6,6,11,"girdi.","exp_1"
"662",3,54,7,1,"Ak?am","exp_1"
"663",3,54,7,2,"i?in","exp_1"
"664",3,54,7,3,"haz?rlanmaya","exp_1"
"665",3,54,7,4,"ba?lamadan","exp_1"
"666",3,54,7,5,"?nce","exp_1"
"667",3,54,7,6,"?ok","exp_1"
"668",3,54,7,7,"?t?","exp_1"
"669",3,54,7,8,"yapt?m","exp_1"
"670",3,54,7,9,"ama","exp_1"
"671",3,54,7,10,"yine","exp_1"
"672",3,54,7,11,"de","exp_1"
"673",3,54,7,12,"?t?lemem","exp_1"
"674",3,54,7,13,"gerekenleri","exp_1"
"675",3,54,7,14,"bitiremedim.","exp_1"
"676",3,67,6,1,"Yar?n","exp_1"
"677",3,67,6,2,"ilk","exp_1"
"678",3,67,6,3,"u?akla","exp_1"
"679",3,67,6,4,"yan?na","exp_1"
"680",3,67,6,5,"gelirdim","exp_1"
"681",3,67,6,6,"ama","exp_1"
"682",3,67,6,7,"bilet","exp_1"
"683",3,67,6,8,"fiyatlar?","exp_1"
"684",3,67,6,9,"?ok","exp_1"
"685",3,67,6,10,"artm??.","exp_1"
"686",3,42,5,1,"K??","exp_1"
"687",3,42,5,2,"uykusuna","exp_1"
"688",3,42,5,3,"yatm??","exp_1"
"689",3,42,5,4,"bir","exp_1"
"690",3,42,5,5,"ay?","exp_1"
"691",3,42,5,6,"kadar","exp_1"
"692",3,42,5,7,"derin","exp_1"
"693",3,42,5,8,"uyurdu.","exp_1"
"694",3,62,4,1,"D?n","exp_1"
"695",3,62,4,2,"ma?azada","exp_1"
"696",3,62,4,3,"be?endi?im","exp_1"
"697",3,62,4,4,"kot","exp_1"
"698",3,62,4,5,"sat?lm??t?","exp_1"
"699",3,62,4,6,"ve","exp_1"
"700",3,62,4,7,"ba?ka","exp_1"
"701",3,62,4,8,"kalmam??t?.","exp_1"
"702",3,35,6,1,"?dev","exp_1"
"703",3,35,6,2,"yapmak","exp_1"
"704",3,35,6,3,"i?in","exp_1"
"705",3,35,6,4,"ald???m","exp_1"
"706",3,35,6,5,"kitaplar?","exp_1"
"707",3,35,6,6,"eve","exp_1"
"708",3,35,6,7,"getirdim","exp_1"
"709",3,35,6,8,"ama","exp_1"
"710",3,35,6,9,"?deve","exp_1"
"711",3,35,6,10,"ba?layamad?m.","exp_1"
"712",3,78,5,1,"D?n","exp_1"
"713",3,78,5,2,"k?z","exp_1"
"714",3,78,5,3,"arkada??m","exp_1"
"715",3,78,5,4,"ge?irdi?im","exp_1"
"716",3,78,5,5,"g?n","exp_1"
"717",3,78,5,6,"paha","exp_1"
"718",3,78,5,7,"bi?ilemezdi.","exp_1"
"719",3,36,7,1,"??","exp_1"
"720",3,36,7,2,"yerindeki","exp_1"
"721",3,36,7,3,"sat??lar?m?z","exp_1"
"722",3,36,7,4,"??","exp_1"
"723",3,36,7,5,"ay","exp_1"
"724",3,36,7,6,"i?inde","exp_1"
"725",3,36,7,7,"?ok","exp_1"
"726",3,36,7,8,"artt???","exp_1"
"727",3,36,7,9,"i?in","exp_1"
"728",3,36,7,10,"patron","exp_1"
"729",3,36,7,11,"hepimize","exp_1"
"730",3,36,7,12,"zam","exp_1"
"731",3,36,7,13,"yapt?.","exp_1"
"732",3,32,4,1,"Kahvalt?da","exp_1"
"733",3,32,4,2,"her","exp_1"
"734",3,32,4,3,"zaman","exp_1"
"735",3,32,4,4,"s?t","exp_1"
"736",3,32,4,5,"i?erim","exp_1"
"737",3,32,4,6,"ama","exp_1"
"738",3,32,4,7,"bug?n","exp_1"
"739",3,32,4,8,"evde","exp_1"
"740",3,32,4,9,"s?t","exp_1"
"741",3,32,4,10,"kalmam??.","exp_1"
"742",3,46,4,1,"Bu","exp_1"
"743",3,46,4,2,"k??","exp_1"
"744",3,46,4,3,"hava","exp_1"
"745",3,46,4,4,"?ok","exp_1"
"746",3,46,4,5,"so?uk","exp_1"
"747",3,46,4,6,"oldu?u","exp_1"
"748",3,46,4,7,"i?in","exp_1"
"749",3,46,4,8,"sokaktaki","exp_1"
"750",3,46,4,9,"hayvanlara","exp_1"
"751",3,46,4,10,"?ok","exp_1"
"752",3,46,4,11,"?z?l?yorum.","exp_1"
"753",3,70,6,1,"E?er","exp_1"
"754",3,70,6,2,"bu","exp_1"
"755",3,70,6,3,"yar???","exp_1"
"756",3,70,6,4,"kazanmak","exp_1"
"757",3,70,6,5,"istiyorsan","exp_1"
"758",3,70,6,6,"iyi","exp_1"
"759",3,70,6,7,"oynamal?s?n","exp_1"
"760",3,70,6,8,"yoksa","exp_1"
"761",3,70,6,9,"kaybedebilirsin.","exp_1"
"762",3,79,7,1,"Erkek","exp_1"
"763",3,79,7,2,"arkada??ma","exp_1"
"764",3,79,7,3,"do?um","exp_1"
"765",3,79,7,4,"g?n?nde","exp_1"
"766",3,79,7,5,"babamdan","exp_1"
"767",3,79,7,6,"kalma","exp_1"
"768",3,79,7,7,"kol","exp_1"
"769",3,79,7,8,"d??meleri","exp_1"
"770",3,79,7,9,"hediye","exp_1"
"771",3,79,7,10,"ettim.","exp_1"
"772",3,14,5,1,"K??","exp_1"
"773",3,14,5,2,"mevsiminin","exp_1"
"774",3,14,5,3,"vazge?ilmez","exp_1"
"775",3,14,5,4,"sembol?","exp_1"
"776",3,14,5,5,"?am","exp_1"
"777",3,14,5,6,"a?a?lar?d?r","exp_1"
"778",3,14,5,7,"ama","exp_1"
"779",3,14,5,8,"de?eri","exp_1"
"780",3,14,5,9,"insanlar","exp_1"
"781",3,14,5,10,"taraf?ndan","exp_1"
"782",3,14,5,11,"bilinmiyor.","exp_1"
"783",3,66,6,1,"Evimizin","exp_1"
"784",3,66,6,2,"kar??s?nda","exp_1"
"785",3,66,6,3,"duran","exp_1"
"786",3,66,6,4,"polisler","exp_1"
"787",3,66,6,5,"bug?n","exp_1"
"788",3,66,6,6,"hi?","exp_1"
"789",3,66,6,7,"gitmeyecekler","exp_1"
"790",3,66,6,8,"o","exp_1"
"791",3,66,6,9,"y?zden","exp_1"
"792",3,66,6,10,"evden","exp_1"
"793",3,66,6,11,"??kam?yoruz.","exp_1"
"794",3,1,6,1,"Her","exp_1"
"795",3,1,6,2,"gece","exp_1"
"796",3,1,6,3,"yata?a","exp_1"
"797",3,1,6,4,"oyuncak","exp_1"
"798",3,1,6,5,"ay?s?","exp_1"
"799",3,1,6,6,"ile","exp_1"
"800",3,1,6,7,"giriyor","exp_1"
"801",3,1,6,8,"ve","exp_1"
"802",3,1,6,9,"onunla","exp_1"
"803",3,1,6,10,"uyuyordu.","exp_1"
"804",3,24,7,1,"E?er","exp_1"
"805",3,24,7,2,"ma?aran?n","exp_1"
"806",3,24,7,3,"i?ine","exp_1"
"807",3,24,7,4,"do?ru","exp_1"
"808",3,24,7,5,"ba??r?rsan","exp_1"
"809",3,24,7,6,"sesin","exp_1"
"810",3,24,7,7,"eko","exp_1"
"811",3,24,7,8,"yapar.","exp_1"
"812",3,77,5,1,"Do?um","exp_1"
"813",3,77,5,2,"g?n?mde","exp_1"
"814",3,77,5,3,"giymek","exp_1"
"815",3,77,5,4,"i?in","exp_1"
"816",3,77,5,5,"gri","exp_1"
"817",3,77,5,6,"rengi","exp_1"
"818",3,77,5,7,"elbise","exp_1"
"819",3,77,5,8,"ald?m.","exp_1"
"820",3,56,7,1,"Arkada??m?","exp_1"
"821",3,56,7,2,"kap?n?n","exp_1"
"822",3,56,7,3,"?n?ndeki","exp_1"
"823",3,56,7,4,"kediyi","exp_1"
"824",3,56,7,5,"severken","exp_1"
"825",3,56,7,6,"bir?ok","exp_1"
"826",3,56,7,7,"kez","exp_1"
"827",3,56,7,8,"g?rd?m","exp_1"
"828",3,56,7,9,"bu","exp_1"
"829",3,56,7,10,"sebepten","exp_1"
"830",3,56,7,11,"kedinin","exp_1"
"831",3,56,7,12,"onun","exp_1"
"832",3,56,7,13,"oldu?unu","exp_1"
"833",3,56,7,14,"d???nm??t?m.","exp_1"
"834",3,41,4,1,"Spordan","exp_1"
"835",3,41,4,2,"??kt???","exp_1"
"836",3,41,4,3,"i?in","exp_1"
"837",3,41,4,4,"ter","exp_1"
"838",3,41,4,5,"kokuyodu","exp_1"
"839",3,41,4,6,"ve","exp_1"
"840",3,41,4,7,"du?","exp_1"
"841",3,41,4,8,"almaya","exp_1"
"842",3,41,4,9,"??enmi?ti.","exp_1"
"843",3,39,4,1,"Onun","exp_1"
"844",3,39,4,2,"ya?ad???","exp_1"
"845",3,39,4,3,"b?lgede","exp_1"
"846",3,39,4,4,"kar","exp_1"
"847",3,39,4,5,"ya?m?yordu","exp_1"
"848",3,39,4,6,"ve","exp_1"
"849",3,39,4,7,"o","exp_1"
"850",3,39,4,8,"bu","exp_1"
"851",3,39,4,9,"duruma","exp_1"
"852",3,39,4,10,"?ok","exp_1"
"853",3,39,4,11,"?z?l?yordu.","exp_1"
"854",3,37,4,1,"Osmanl?","exp_1"
"855",3,37,4,2,"d?neminde","exp_1"
"856",3,37,4,3,"erkekler","exp_1"
"857",3,37,4,4,"fes","exp_1"
"858",3,37,4,5,"giyerdi.","exp_1"
"859",3,18,5,1,"Kahve","exp_1"
"860",3,18,5,2,"i?tikten","exp_1"
"861",3,18,5,3,"sonra","exp_1"
"862",3,18,5,4,"herkese","exp_1"
"863",3,18,5,5,"fal","exp_1"
"864",3,18,5,6,"bakard?","exp_1"
"865",3,18,5,7,"ve","exp_1"
"866",3,18,5,8,"dedi?i","exp_1"
"867",3,18,5,9,"her","exp_1"
"868",3,18,5,10,"?ey","exp_1"
"869",3,18,5,11,"??kard?.","exp_1"
"870",3,43,7,1,"K???k","exp_1"
"871",3,43,7,2,"k?z","exp_1"
"872",3,43,7,3,"bu","exp_1"
"873",3,43,7,4,"b?y?k","exp_1"
"874",3,43,7,5,"ta?lar?","exp_1"
"875",3,43,7,6,"?ok","exp_1"
"876",3,43,7,7,"zor","exp_1"
"877",3,43,7,8,"ta??d?","exp_1"
"878",3,43,7,9,"??nk?","exp_1"
"879",3,43,7,10,"boyuna","exp_1"
"880",3,43,7,11,"g?re","exp_1"
"881",3,43,7,12,"a??rlard?.","exp_1"
"882",3,109,7,1,"Erkek","exp_2"
"883",3,109,7,2,"arkada??m","exp_2"
"884",3,109,7,3,"ile","exp_2"
"885",3,109,7,4,"tatile","exp_2"
"886",3,109,7,5,"gidece?imiz","exp_2"
"887",3,109,7,6,"i?in","exp_2"
"888",3,109,7,7,"?ok","exp_2"
"889",3,109,7,8,"heyecanl?y?m","exp_2"
"890",3,109,7,9,"diye","exp_2"
"891",3,109,7,10,"d???n?rken","exp_2"
"892",3,109,7,11,"erkek","exp_2"
"893",3,109,7,12,"arkada??m","exp_2"
"894",3,109,7,13,"tatili","exp_2"
"895",3,109,7,14,"iptal","exp_2"
"896",3,109,7,15,"etti.","exp_2"
"897",3,98,7,1,"Yar?n","exp_2"
"898",3,98,7,2,"gidece?im","exp_2"
"899",3,98,7,3,"davete","exp_2"
"900",3,98,7,4,"haz?rlanmaya","exp_2"
"901",3,98,7,5,"ba?lamadan","exp_2"
"902",3,98,7,6,"?nce","exp_2"
"903",3,98,7,7,"?t?","exp_2"
"904",3,98,7,8,"yapmal?y?m","exp_2"
"905",3,98,7,9,"ama","exp_2"
"906",3,98,7,10,"?ok","exp_2"
"907",3,98,7,11,"??eniyorum.","exp_2"
"908",3,160,5,1,"Eve","exp_2"
"909",3,160,5,2,"gelmeden","exp_2"
"910",3,160,5,3,"?nce","exp_2"
"911",3,160,5,4,"son","exp_2"
"912",3,160,5,5,"kez","exp_2"
"913",3,160,5,6,"foto?raf","exp_2"
"914",3,160,5,7,"?ektik","exp_2"
"915",3,160,5,8,"ama","exp_2"
"916",3,160,5,9,"karanl?k","exp_2"
"917",3,160,5,10,"oldu?u","exp_2"
"918",3,160,5,11,"i?in","exp_2"
"919",3,160,5,12,"foto?rafta","exp_2"
"920",3,160,5,13,"??kmam???z.","exp_2"
"921",3,131,6,1,"Doktor","exp_2"
"922",3,131,6,2,"grip","exp_2"
"923",3,131,6,3,"oldu?um","exp_2"
"924",3,131,6,4,"i?in","exp_2"
"925",3,131,6,5,"bana","exp_2"
"926",3,131,6,6,"hap","exp_2"
"927",3,131,6,7,"verdi","exp_2"
"928",3,131,6,8,"ve","exp_2"
"929",3,131,6,9,"kimseyle","exp_2"
"930",3,131,6,10,"g?r??mememi","exp_2"
"931",3,131,6,11,"s?yledi.","exp_2"
"932",3,126,5,1,"Balkona","exp_2"
"933",3,126,5,2,"ast???m","exp_2"
"934",3,126,5,3,"?ama??rlar","exp_2"
"935",3,126,5,4,"so?uktan","exp_2"
"936",3,126,5,5,"buz","exp_2"
"937",3,126,5,6,"gibi","exp_2"
"938",3,126,5,7,"olmu?","exp_2"
"939",3,126,5,8,"o","exp_2"
"940",3,126,5,9,"sebepten","exp_2"
"941",3,126,5,10,"art?k","exp_2"
"942",3,126,5,11,"d??ar?ya","exp_2"
"943",3,126,5,12,"asm?yorum.","exp_2"
"944",3,150,5,1,"Bu","exp_2"
"945",3,150,5,2,"yoldaki","exp_2"
"946",3,150,5,3,"merdivenlerde","exp_2"
"947",3,150,5,4,"iki","exp_2"
"948",3,150,5,5,"kez","exp_2"
"949",3,150,5,6,"d??t?m","exp_2"
"950",3,150,5,7,"bu","exp_2"
"951",3,150,5,8,"y?zden","exp_2"
"952",3,150,5,9,"her","exp_2"
"953",3,150,5,10,"seferinde","exp_2"
"954",3,150,5,11,"dikkatli","exp_2"
"955",3,150,5,12,"iniyorum.","exp_2"
"956",3,134,7,1,"?ngiltere'ye","exp_2"
"957",3,134,7,2,"gelen","exp_2"
"958",3,134,7,3,"annem","exp_2"
"959",3,134,7,4,"ve","exp_2"
"960",3,134,7,5,"babam?","exp_2"
"961",3,134,7,6,"kar??daki","exp_2"
"962",3,134,7,7,"eve","exp_2"
"963",3,134,7,8,"yerle?tirdim","exp_2"
"964",3,134,7,9,"ama","exp_2"
"965",3,134,7,10,"yine","exp_2"
"966",3,134,7,11,"de","exp_2"
"967",3,134,7,12,"benimle","exp_2"
"968",3,134,7,13,"kalmak","exp_2"
"969",3,134,7,14,"istediler.","exp_2"
"970",3,82,6,1,"Her","exp_2"
"971",3,82,6,2,"g?n","exp_2"
"972",3,82,6,3,"okula","exp_2"
"973",3,82,6,4,"gitmeden","exp_2"
"974",3,82,6,5,"mutlaka","exp_2"
"975",3,82,6,6,"s?t","exp_2"
"976",3,82,6,7,"i?er","exp_2"
"977",3,82,6,8,"ve","exp_2"
"978",3,82,6,9,"d?zenli","exp_2"
"979",3,82,6,10,"olarak","exp_2"
"980",3,82,6,11,"spor","exp_2"
"981",3,82,6,12,"yapar.","exp_2"
"982",3,85,6,1,"?ki","exp_2"
"983",3,85,6,2,"saatlik","exp_2"
"984",3,85,6,3,"ko?udan","exp_2"
"985",3,85,6,4,"sonra","exp_2"
"986",3,85,6,5,"kendini","exp_2"
"987",3,85,6,6,"iyi","exp_2"
"988",3,85,6,7,"hissediyordu","exp_2"
"989",3,85,6,8,"ama","exp_2"
"990",3,85,6,9,"biz","exp_2"
"991",3,85,6,10,"?ok","exp_2"
"992",3,85,6,11,"yorulmu?tuk.","exp_2"
"993",3,93,4,1,"Formlar?","exp_2"
"994",3,93,4,2,"imzalamadan","exp_2"
"995",3,93,4,3,"?nce","exp_2"
"996",3,93,4,4,"hep","exp_2"
"997",3,93,4,5,"okumal?s?n","exp_2"
"998",3,93,4,6,"ki","exp_2"
"999",3,93,4,7,"bir","exp_2"
"1000",3,93,4,8,"?eyi","exp_2"
"1001",3,93,4,9,"g?zden","exp_2"
"1002",3,93,4,10,"ka??rma.","exp_2"
"1003",3,128,6,1,"Yar?n","exp_2"
"1004",3,128,6,2,"ak?am","exp_2"
"1005",3,128,6,3,"arkada?lar?mla","exp_2"
"1006",3,128,6,4,"uzun","exp_2"
"1007",3,128,6,5,"zamand?r","exp_2"
"1008",3,128,6,6,"?ok","exp_2"
"1009",3,128,6,7,"gitmek","exp_2"
"1010",3,128,6,8,"istedi?imiz","exp_2"
"1011",3,128,6,9,"restorana","exp_2"
"1012",3,128,6,10,"gidece?iz.","exp_2"
"1013",3,127,5,1,"Evdeki","exp_2"
"1014",3,127,5,2,"eski","exp_2"
"1015",3,127,5,3,"elektrik","exp_2"
"1016",3,127,5,4,"s?p?rgesinin","exp_2"
"1017",3,127,5,5,"ucu","exp_2"
"1018",3,127,5,6,"bozulmu?","exp_2"
"1019",3,127,5,7,"ama","exp_2"
"1020",3,127,5,8,"yine","exp_2"
"1021",3,127,5,9,"de","exp_2"
"1022",3,127,5,10,"temizliyor.","exp_2"
"1023",3,139,6,1,"Do?um","exp_2"
"1024",3,139,6,2,"g?n?n?","exp_2"
"1025",3,139,6,3,"unuttu?um","exp_2"
"1026",3,139,6,4,"i?in","exp_2"
"1027",3,139,6,5,"ablam","exp_2"
"1028",3,139,6,6,"?ok","exp_2"
"1029",3,139,6,7,"k?zd?","exp_2"
"1030",3,139,6,8,"ama","exp_2"
"1031",3,139,6,9,"hediyesini","exp_2"
"1032",3,139,6,10,"g?r?nce","exp_2"
"1033",3,139,6,11,"sakinle?ti.","exp_2"
"1034",3,95,5,1,"Basketbol","exp_2"
"1035",3,95,5,2,"ma??","exp_2"
"1036",3,95,5,3,"izlerken","exp_2"
"1037",3,95,5,4,"aniden","exp_2"
"1038",3,95,5,5,"zil","exp_2"
"1039",3,95,5,6,"?ald?","exp_2"
"1040",3,95,5,7,"ve","exp_2"
"1041",3,95,5,8,"ma?","exp_2"
"1042",3,95,5,9,"yar?da","exp_2"
"1043",3,95,5,10,"b?l?nd?.","exp_2"
"1044",3,135,6,1,"K?z","exp_2"
"1045",3,135,6,2,"karde?im","exp_2"
"1046",3,135,6,3,"salataya","exp_2"
"1047",3,135,6,4,"?ok","exp_2"
"1048",3,135,6,5,"fazla","exp_2"
"1049",3,135,6,6,"tuz","exp_2"
"1050",3,135,6,7,"koymu?","exp_2"
"1051",3,135,6,8,"o","exp_2"
"1052",3,135,6,9,"y?zden","exp_2"
"1053",3,135,6,10,"yiyemedik.","exp_2"
"1054",3,88,5,1,"Tatilde","exp_2"
"1055",3,88,5,2,"ailecek","exp_2"
"1056",3,88,5,3,"tekne","exp_2"
"1057",3,88,5,4,"kiralay?p","exp_2"
"1058",3,88,5,5,"ada","exp_2"
"1059",3,88,5,6,"turuna","exp_2"
"1060",3,88,5,7,"??kt?k","exp_2"
"1061",3,88,5,8,"ve","exp_2"
"1062",3,88,5,9,"?ok","exp_2"
"1063",3,88,5,10,"e?lendik.","exp_2"
"1064",3,123,6,1,"En","exp_2"
"1065",3,123,6,2,"sevdi?im","exp_2"
"1066",3,123,6,3,"arkada??m","exp_2"
"1067",3,123,6,4,"bug?n","exp_2"
"1068",3,123,6,5,"bizim","exp_2"
"1069",3,123,6,6,"eve","exp_2"
"1070",3,123,6,7,"geldi","exp_2"
"1071",3,123,6,8,"ve","exp_2"
"1072",3,123,6,9,"annemin","exp_2"
"1073",3,123,6,10,"yemeklerine","exp_2"
"1074",3,123,6,11,"bay?ld?.","exp_2"
"1075",3,149,6,1,"Kapadokya'ya","exp_2"
"1076",3,149,6,2,"t?m","exp_2"
"1077",3,149,6,3,"aile","exp_2"
"1078",3,149,6,4,"Kas?m","exp_2"
"1079",3,149,6,5,"ay?n?n","exp_2"
"1080",3,149,6,6,"ilk","exp_2"
"1081",3,149,6,7,"haftas?","exp_2"
"1082",3,149,6,8,"gidece?iz","exp_2"
"1083",3,149,6,9,"ve","exp_2"
"1084",3,149,6,10,"sizin","exp_2"
"1085",3,149,6,11,"de","exp_2"
"1086",3,149,6,12,"gelmenizi","exp_2"
"1087",3,149,6,13,"?ok","exp_2"
"1088",3,149,6,14,"istiyoruz.","exp_2"
"1089",3,156,5,1,"Babam","exp_2"
"1090",3,156,5,2,"hayvanat","exp_2"
"1091",3,156,5,3,"bah?esinde","exp_2"
"1092",3,156,5,4,"hayvanlara","exp_2"
"1093",3,156,5,5,"yem","exp_2"
"1094",3,156,5,6,"vermemi","exp_2"
"1095",3,156,5,7,"istedi","exp_2"
"1096",3,156,5,8,"ama","exp_2"
"1097",3,156,5,9,"hayvanlara","exp_2"
"1098",3,156,5,10,"yem","exp_2"
"1099",3,156,5,11,"vermeyi","exp_2"
"1100",3,156,5,12,"yasaklam??lar.","exp_2"
"1101",3,122,8,1,"E?er","exp_2"
"1102",3,122,8,2,"bu","exp_2"
"1103",3,122,8,3,"?d?l?","exp_2"
"1104",3,122,8,4,"kazanmak","exp_2"
"1105",3,122,8,5,"istiyorsan","exp_2"
"1106",3,122,8,6,"bunun","exp_2"
"1107",3,122,8,7,"i?in","exp_2"
"1108",3,122,8,8,"?ok","exp_2"
"1109",3,122,8,9,"?al??mal?s?n","exp_2"
"1110",3,122,8,10,"ve","exp_2"
"1111",3,122,8,11,"tembellik","exp_2"
"1112",3,122,8,12,"etmemelisin.","exp_2"
"1113",3,99,6,1,"?ok","exp_2"
"1114",3,99,6,2,"hasta","exp_2"
"1115",3,99,6,3,"oldu?um","exp_2"
"1116",3,99,6,4,"i?in","exp_2"
"1117",3,99,6,5,"okula","exp_2"
"1118",3,99,6,6,"zor","exp_2"
"1119",3,99,6,7,"gittim","exp_2"
"1120",3,99,6,8,"ve","exp_2"
"1121",3,99,6,9,"derslere","exp_2"
"1122",3,99,6,10,"odaklanamad?m.","exp_2"
"1123",3,103,4,1,"Yar?n","exp_2"
"1124",3,103,4,2,"arkada??mla","exp_2"
"1125",3,103,4,3,"birlikte","exp_2"
"1126",3,103,4,4,"kek","exp_2"
"1127",3,103,4,5,"yapaca??m?z","exp_2"
"1128",3,103,4,6,"i?in","exp_2"
"1129",3,103,4,7,"?ok","exp_2"
"1130",3,103,4,8,"heyecanland?m.","exp_2"
"1131",3,144,11,1,"Milli","exp_2"
"1132",3,144,11,2,"ma?ta","exp_2"
"1133",3,144,11,3,"bizim","exp_2"
"1134",3,144,11,4,"tak?m?n","exp_2"
"1135",3,144,11,5,"sporcular?ndan","exp_2"
"1136",3,144,11,6,"biri","exp_2"
"1137",3,144,11,7,"kaleye","exp_2"
"1138",3,144,11,8,"?ok","exp_2"
"1139",3,144,11,9,"iyi","exp_2"
"1140",3,144,11,10,"bir","exp_2"
"1141",3,144,11,11,"?ut","exp_2"
"1142",3,144,11,12,"att?","exp_2"
"1143",3,144,11,13,"ve","exp_2"
"1144",3,144,11,14,"kendi","exp_2"
"1145",3,144,11,15,"taraftar?n?","exp_2"
"1146",3,144,11,16,"sinirlendirdi.","exp_2"
"1147",3,107,5,1,"En","exp_2"
"1148",3,107,5,2,"sevdi?i","exp_2"
"1149",3,107,5,3,"restorana","exp_2"
"1150",3,107,5,4,"karn?","exp_2"
"1151",3,107,5,5,"tok","exp_2"
"1152",3,107,5,6,"gitmi?","exp_2"
"1153",3,107,5,7,"bu","exp_2"
"1154",3,107,5,8,"sebeple","exp_2"
"1155",3,107,5,9,"hi?bir","exp_2"
"1156",3,107,5,10,"?ey","exp_2"
"1157",3,107,5,11,"yiyememi?.","exp_2"
"1158",3,121,9,1,"Pencereyi","exp_2"
"1159",3,121,9,2,"a??k","exp_2"
"1160",3,121,9,3,"b?rak?p","exp_2"
"1161",3,121,9,4,"gitti?i","exp_2"
"1162",3,121,9,5,"i?in","exp_2"
"1163",3,121,9,6,"evin","exp_2"
"1164",3,121,9,7,"her","exp_2"
"1165",3,121,9,8,"yeri","exp_2"
"1166",3,121,9,9,"toz","exp_2"
"1167",3,121,9,10,"olmu?","exp_2"
"1168",3,121,9,11,"ve","exp_2"
"1169",3,121,9,12,"annesi","exp_2"
"1170",3,121,9,13,"onu","exp_2"
"1171",3,121,9,14,"?ok","exp_2"
"1172",3,121,9,15,"azarlad?.","exp_2"
"1173",3,112,7,1,"Bug?n","exp_2"
"1174",3,112,7,2,"hava","exp_2"
"1175",3,112,7,3,"g?zel","exp_2"
"1176",3,112,7,4,"oldu?u","exp_2"
"1177",3,112,7,5,"i?in","exp_2"
"1178",3,112,7,6,"bah?ede","exp_2"
"1179",3,112,7,7,"top","exp_2"
"1180",3,112,7,8,"oynad?k","exp_2"
"1181",3,112,7,9,"ama","exp_2"
"1182",3,112,7,10,"?ok","exp_2"
"1183",3,112,7,11,"fazla","exp_2"
"1184",3,112,7,12,"terledik.","exp_2"
"1185",3,114,9,1,"Kendine","exp_2"
"1186",3,114,9,2,"kar??","exp_2"
"1187",3,114,9,3,"o","exp_2"
"1188",3,114,9,4,"kadar","exp_2"
"1189",3,114,9,5,"?fkeliydi","exp_2"
"1190",3,114,9,6,"ki","exp_2"
"1191",3,114,9,7,"ba?kalar?na","exp_2"
"1192",3,114,9,8,"da","exp_2"
"1193",3,114,9,9,"kin","exp_2"
"1194",3,114,9,10,"besliyordu","exp_2"
"1195",3,114,9,11,"ve","exp_2"
"1196",3,114,9,12,"ilerde","exp_2"
"1197",3,114,9,13,"bu","exp_2"
"1198",3,114,9,14,"durum","exp_2"
"1199",3,114,9,15,"ona","exp_2"
"1200",3,114,9,16,"zarar","exp_2"
"1201",3,114,9,17,"verecekti.","exp_2"
"1202",3,91,5,1,"Ekme?i","exp_2"
"1203",3,91,5,2,"d??ar?da","exp_2"
"1204",3,91,5,3,"unuttu?u","exp_2"
"1205",3,91,5,4,"i?in","exp_2"
"1206",3,91,5,5,"k?f","exp_2"
"1207",3,91,5,6,"tutmu?tu","exp_2"
"1208",3,91,5,7,"ve","exp_2"
"1209",3,91,5,8,"yiyememi?ti.","exp_2"
"1210",3,152,3,1,"Bug?n","exp_2"
"1211",3,152,3,2,"k?pe?im","exp_2"
"1212",3,152,3,3,"a??","exp_2"
"1213",3,152,3,4,"oldu","exp_2"
"1214",3,152,3,5,"o","exp_2"
"1215",3,152,3,6,"y?zden","exp_2"
"1216",3,152,3,7,"ate?i","exp_2"
"1217",3,152,3,8,"var","exp_2"
"1218",3,152,3,9,"ve","exp_2"
"1219",3,152,3,10,"halsiz.","exp_2"
"1220",3,100,5,1,"?pe","exp_2"
"1221",3,100,5,2,"ast???m","exp_2"
"1222",3,100,5,3,"?ama??rlar","exp_2"
"1223",3,100,5,4,"so?uktan","exp_2"
"1224",3,100,5,5,"buz","exp_2"
"1225",3,100,5,6,"tutmu?","exp_2"
"1226",3,100,5,7,"bu","exp_2"
"1227",3,100,5,8,"sebeple","exp_2"
"1228",3,100,5,9,"onlara","exp_2"
"1229",3,100,5,10,"dokunamad?m.","exp_2"
"1230",3,140,8,1,"Ay?e","exp_2"
"1231",3,140,8,2,"kendimi","exp_2"
"1232",3,140,8,3,"korumak","exp_2"
"1233",3,140,8,4,"i?in","exp_2"
"1234",3,140,8,5,"yapt???m","exp_2"
"1235",3,140,8,6,"konu?ma","exp_2"
"1236",3,140,8,7,"kar??s?nda","exp_2"
"1237",3,140,8,8,"pes","exp_2"
"1238",3,140,8,9,"etti","exp_2"
"1239",3,140,8,10,"ve","exp_2"
"1240",3,140,8,11,"beni","exp_2"
"1241",3,140,8,12,"affetti.","exp_2"
"1242",3,106,5,1,"T?rkiye'den","exp_2"
"1243",3,106,5,2,"k?pe?imi","exp_2"
"1244",3,106,5,3,"getiremedi?im","exp_2"
"1245",3,106,5,4,"i?in","exp_2"
"1246",3,106,5,5,"?ok","exp_2"
"1247",3,106,5,6,"?zg?n?m","exp_2"
"1248",3,106,5,7,"ve","exp_2"
"1249",3,106,5,8,"bu","exp_2"
"1250",3,106,5,9,"durum","exp_2"
"1251",3,106,5,10,"beni","exp_2"
"1252",3,106,5,11,"?ok","exp_2"
"1253",3,106,5,12,"mutsuz","exp_2"
"1254",3,106,5,13,"ediyor.","exp_2"
"1255",3,154,7,1,"Arkada??m?n","exp_2"
"1256",3,154,7,2,"do?um","exp_2"
"1257",3,154,7,3,"g?n?","exp_2"
"1258",3,154,7,4,"i?in","exp_2"
"1259",3,154,7,5,"yirmi","exp_2"
"1260",3,154,7,6,"tane","exp_2"
"1261",3,154,7,7,"mum","exp_2"
"1262",3,154,7,8,"ald?m","exp_2"
"1263",3,154,7,9,"ve","exp_2"
"1264",3,154,7,10,"hepsini","exp_2"
"1265",3,154,7,11,"pastaya","exp_2"
"1266",3,154,7,12,"diktim.","exp_2"
"1267",3,97,5,1,"Amerikaya","exp_2"
"1268",3,97,5,2,"gidebilmek","exp_2"
"1269",3,97,5,3,"i?in","exp_2"
"1270",3,97,5,4,"?zel","exp_2"
"1271",3,97,5,5,"jet","exp_2"
"1272",3,97,5,6,"kiralam??t?","exp_2"
"1273",3,97,5,7,"ama","exp_2"
"1274",3,97,5,8,"jetin","exp_2"
"1275",3,97,5,9,"pilotu","exp_2"
"1276",3,97,5,10,"ge?","exp_2"
"1277",3,97,5,11,"kalm??t?.","exp_2"
"1278",3,113,4,1,"Son","exp_2"
"1279",3,113,4,2,"??kartt???","exp_2"
"1280",3,113,4,3,"?ark?y?","exp_2"
"1281",3,113,4,4,"hi?","exp_2"
"1282",3,113,4,5,"be?enmedi","exp_2"
"1283",3,113,4,6,"ama","exp_2"
"1284",3,113,4,7,"?ok","exp_2"
"1285",3,113,4,8,"pop?ler","exp_2"
"1286",3,113,4,9,"oldu.","exp_2"
"1287",3,101,5,1,"O","exp_2"
"1288",3,101,5,2,"kadar","exp_2"
"1289",3,101,5,3,"hastayd?","exp_2"
"1290",3,101,5,4,"ki","exp_2"
"1291",3,101,5,5,"tat","exp_2"
"1292",3,101,5,6,"alma","exp_2"
"1293",3,101,5,7,"duyusunu","exp_2"
"1294",3,101,5,8,"kaybetmi?ti.","exp_2"
"1295",3,124,5,1,"K?pekler","exp_2"
"1296",3,124,5,2,"do?alar?","exp_2"
"1297",3,124,5,3,"gere?i","exp_2"
"1298",3,124,5,4,"sahibine","exp_2"
"1299",3,124,5,5,"hep","exp_2"
"1300",3,124,5,6,"sad?kt?r","exp_2"
"1301",3,124,5,7,"bu","exp_2"
"1302",3,124,5,8,"y?zden","exp_2"
"1303",3,124,5,9,"bir","exp_2"
"1304",3,124,5,10,"?ok","exp_2"
"1305",3,124,5,11,"insan","exp_2"
"1306",3,124,5,12,"k?pek","exp_2"
"1307",3,124,5,13,"sahiplenmek","exp_2"
"1308",3,124,5,14,"ister.","exp_2"
"1309",3,92,4,1,"Is?t?c?y?","exp_2"
"1310",3,92,4,2,"kullanmaya","exp_2"
"1311",3,92,4,3,"ba?larsak","exp_2"
"1312",3,92,4,4,"k??","exp_2"
"1313",3,92,4,5,"gelmi?tir","exp_2"
"1314",3,92,4,6,"demektir.","exp_2"
"1315",3,158,4,1,"Selma'n?n","exp_2"
"1316",3,158,4,2,"yeni","exp_2"
"1317",3,158,4,3,"ta??naca??","exp_2"
"1318",3,158,4,4,"evi","exp_2"
"1319",3,158,4,5,"temizledik","exp_2"
"1320",3,158,4,6,"ve","exp_2"
"1321",3,158,4,7,"yorgunluktan","exp_2"
"1322",3,158,4,8,"yemek","exp_2"
"1323",3,158,4,9,"bile","exp_2"
"1324",3,158,4,10,"yiyemedik.","exp_2"
"1325",3,136,7,1,"Bu","exp_2"
"1326",3,136,7,2,"??p?","exp_2"
"1327",3,136,7,3,"d??ar?","exp_2"
"1328",3,136,7,4,"??kartmazsan","exp_2"
"1329",3,136,7,5,"mutfak","exp_2"
"1330",3,136,7,6,"yine","exp_2"
"1331",3,136,7,7,"pis","exp_2"
"1332",3,136,7,8,"kokacak","exp_2"
"1333",3,136,7,9,"ve","exp_2"
"1334",3,136,7,10,"koku","exp_2"
"1335",3,136,7,11,"evden","exp_2"
"1336",3,136,7,12,"g?nlerce","exp_2"
"1337",3,136,7,13,"??kmayacak.","exp_2"
"1338",3,147,7,1,"Terziye","exp_2"
"1339",3,147,7,2,"daraltmas?","exp_2"
"1340",3,147,7,3,"i?in","exp_2"
"1341",3,147,7,4,"verdi?im","exp_2"
"1342",3,147,7,5,"ete?im","exp_2"
"1343",3,147,7,6,"?ok","exp_2"
"1344",3,147,7,7,"dar","exp_2"
"1345",3,147,7,8,"olmu?","exp_2"
"1346",3,147,7,9,"ama","exp_2"
"1347",3,147,7,10,"yine","exp_2"
"1348",3,147,7,11,"de","exp_2"
"1349",3,147,7,12,"ho?uma","exp_2"
"1350",3,147,7,13,"gitti.","exp_2"
"1351",3,86,3,1,"Bah?edeki","exp_2"
"1352",3,86,3,2,"a?a?lardan","exp_2"
"1353",3,86,3,3,"dut","exp_2"
"1354",3,86,3,4,"toplam??","exp_2"
"1355",3,86,3,5,"ama","exp_2"
"1356",3,86,3,6,"toplarken","exp_2"
"1357",3,86,3,7,"merdivenden","exp_2"
"1358",3,86,3,8,"d??m??","exp_2"
"1359",3,86,3,9,"ve","exp_2"
"1360",3,86,3,10,"hastanelik","exp_2"
"1361",3,86,3,11,"olmu?.","exp_2"
"1362",3,108,6,1,"Derslerin","exp_2"
"1363",3,108,6,2,"yo?unlu?undan","exp_2"
"1364",3,108,6,3,"dolay?","exp_2"
"1365",3,108,6,4,"yoga","exp_2"
"1366",3,108,6,5,"yapmaya","exp_2"
"1367",3,108,6,6,"ara","exp_2"
"1368",3,108,6,7,"verdim","exp_2"
"1369",3,108,6,8,"ama","exp_2"
"1370",3,108,6,9,"tekrar","exp_2"
"1371",3,108,6,10,"yapmay?","exp_2"
"1372",3,108,6,11,"?ok","exp_2"
"1373",3,108,6,12,"?zl?yorum.","exp_2"
"1374",3,145,5,1,"Zeynep'in","exp_2"
"1375",3,145,5,2,"haz?rlad???","exp_2"
"1376",3,145,5,3,"?dev","exp_2"
"1377",3,145,5,4,"?ok","exp_2"
"1378",3,145,5,5,"iyi","exp_2"
"1379",3,145,5,6,"olmu?","exp_2"
"1380",3,145,5,7,"bu","exp_2"
"1381",3,145,5,8,"y?zden","exp_2"
"1382",3,145,5,9,"y?ksek","exp_2"
"1383",3,145,5,10,"puan","exp_2"
"1384",3,145,5,11,"alaca??n?","exp_2"
"1385",3,145,5,12,"d???n?yorum.","exp_2"
"1386",3,155,5,1,"Her","exp_2"
"1387",3,155,5,2,"ak?am","exp_2"
"1388",3,155,5,3,"parkta","exp_2"
"1389",3,155,5,4,"be?","exp_2"
"1390",3,155,5,5,"tur","exp_2"
"1391",3,155,5,6,"ko?ar?z","exp_2"
"1392",3,155,5,7,"ama","exp_2"
"1393",3,155,5,8,"bir","exp_2"
"1394",3,155,5,9,"t?rl?","exp_2"
"1395",3,155,5,10,"zay?flayamad?k.","exp_2"
"1396",3,105,5,1,"Kahvalt?da","exp_2"
"1397",3,105,5,2,"m?s?r","exp_2"
"1398",3,105,5,3,"gevre?i","exp_2"
"1399",3,105,5,4,"yemeyi","exp_2"
"1400",3,105,5,5,"hi?","exp_2"
"1401",3,105,5,6,"sevmem","exp_2"
"1402",3,105,5,7,"ama","exp_2"
"1403",3,105,5,8,"evde","exp_2"
"1404",3,105,5,9,"sadece","exp_2"
"1405",3,105,5,10,"o","exp_2"
"1406",3,105,5,11,"kalm??.","exp_2"
"1407",3,84,6,1,"G?z","exp_2"
"1408",3,84,6,2,"g?z?","exp_2"
"1409",3,84,6,3,"g?rm?yordu","exp_2"
"1410",3,84,6,4,"??nk?","exp_2"
"1411",3,84,6,5,"havay?","exp_2"
"1412",3,84,6,6,"sis","exp_2"
"1413",3,84,6,7,"kaplam??t?","exp_2"
"1414",3,84,6,8,"bu","exp_2"
"1415",3,84,6,9,"sebeple","exp_2"
"1416",3,84,6,10,"kaza","exp_2"
"1417",3,84,6,11,"yapt?lar.","exp_2"
"1418",3,118,6,1,"Sabahlar?","exp_2"
"1419",3,118,6,2,"erken","exp_2"
"1420",3,118,6,3,"kalkt???m","exp_2"
"1421",3,118,6,4,"zaman","exp_2"
"1422",3,118,6,5,"daha","exp_2"
"1423",3,118,6,6,"iyi","exp_2"
"1424",3,118,6,7,"ders","exp_2"
"1425",3,118,6,8,"?al???yorum","exp_2"
"1426",3,118,6,9,"ama","exp_2"
"1427",3,118,6,10,"ak?am","exp_2"
"1428",3,118,6,11,"olunca","exp_2"
"1429",3,118,6,12,"hemen","exp_2"
"1430",3,118,6,13,"b?rak?yorum.","exp_2"
"1431",3,115,6,1,"Ku?um","exp_2"
"1432",3,115,6,2,"kafeste","exp_2"
"1433",3,115,6,3,"olmas?na","exp_2"
"1434",3,115,6,4,"ra?men","exp_2"
"1435",3,115,6,5,"?ok","exp_2"
"1436",3,115,6,6,"t?y","exp_2"
"1437",3,115,6,7,"d?k?yor","exp_2"
"1438",3,115,6,8,"diye","exp_2"
"1439",3,115,6,9,"hemen","exp_2"
"1440",3,115,6,10,"marketten","exp_2"
"1441",3,115,6,11,"t?l","exp_2"
"1442",3,115,6,12,"ald?k.","exp_2"
"1443",3,157,8,1,"Bug?nk?","exp_2"
"1444",3,157,8,2,"partiye","exp_2"
"1445",3,157,8,3,"erken","exp_2"
"1446",3,157,8,4,"haz?rlanmaya","exp_2"
"1447",3,157,8,5,"ba?lamas?na","exp_2"
"1448",3,157,8,6,"ra?men","exp_2"
"1449",3,157,8,7,"yine","exp_2"
"1450",3,157,8,8,"ge?","exp_2"
"1451",3,157,8,9,"kald?","exp_2"
"1452",3,157,8,10,"ve","exp_2"
"1453",3,157,8,11,"ilk","exp_2"
"1454",3,157,8,12,"gelenleri","exp_2"
"1455",3,157,8,13,"kar??layamad?.","exp_2"
"1456",3,137,7,1,"Sizin","exp_2"
"1457",3,137,7,2,"evin","exp_2"
"1458",3,137,7,3,"?n?nden","exp_2"
"1459",3,137,7,4,"ge?erken","exp_2"
"1460",3,137,7,5,"k???k","exp_2"
"1461",3,137,7,6,"bir","exp_2"
"1462",3,137,7,7,"ku?","exp_2"
"1463",3,137,7,8,"g?rd?m","exp_2"
"1464",3,137,7,9,"ama","exp_2"
"1465",3,137,7,10,"yakla??r","exp_2"
"1466",3,137,7,11,"yakla?maz","exp_2"
"1467",3,137,7,12,"ka?t?.","exp_2"
"1468",3,87,5,1,"Sabahtan","exp_2"
"1469",3,87,5,2,"beri","exp_2"
"1470",3,87,5,3,"havada","exp_2"
"1471",3,87,5,4,"?ok","exp_2"
"1472",3,87,5,5,"sis","exp_2"
"1473",3,87,5,6,"var","exp_2"
"1474",3,87,5,7,"bu","exp_2"
"1475",3,87,5,8,"sebeple","exp_2"
"1476",3,87,5,9,"bulu?maya","exp_2"
"1477",3,87,5,10,"gelemeyece?im.","exp_2"
"1478",3,117,7,1,"D?zenli","exp_2"
"1479",3,117,7,2,"nefes","exp_2"
"1480",3,117,7,3,"egzersizleri","exp_2"
"1481",3,117,7,4,"yapmak","exp_2"
"1482",3,117,7,5,"sa?l???m?z","exp_2"
"1483",3,117,7,6,"i?in","exp_2"
"1484",3,117,7,7,"?ok","exp_2"
"1485",3,117,7,8,"?nemlidir","exp_2"
"1486",3,117,7,9,"diye","exp_2"
"1487",3,117,7,10,"ba??m?z?n","exp_2"
"1488",3,117,7,11,"etini","exp_2"
"1489",3,117,7,12,"yiyor.","exp_2"
"1490",3,129,5,1,"K?r?lan","exp_2"
"1491",3,129,5,2,"camlar","exp_2"
"1492",3,129,5,3,"parma??ma","exp_2"
"1493",3,129,5,4,"bat?nca","exp_2"
"1494",3,129,5,5,"kan","exp_2"
"1495",3,129,5,6,"akt?","exp_2"
"1496",3,129,5,7,"o","exp_2"
"1497",3,129,5,8,"y?zden","exp_2"
"1498",3,129,5,9,"sarg?","exp_2"
"1499",3,129,5,10,"beziyle","exp_2"
"1500",3,129,5,11,"sard?k.","exp_2"
"1501",3,111,5,1,"Do?udaki","exp_2"
"1502",3,111,5,2,"insanlar","exp_2"
"1503",3,111,5,3,"bat?ya","exp_2"
"1504",3,111,5,4,"do?ru","exp_2"
"1505",3,111,5,5,"g??","exp_2"
"1506",3,111,5,6,"ediyor.","exp_2"
"1507",3,94,4,1,"K?z","exp_2"
"1508",3,94,4,2,"karde?i","exp_2"
"1509",3,94,4,3,"?niversitede","exp_2"
"1510",3,94,4,4,"t?p","exp_2"
"1511",3,94,4,5,"fak?ltesinde","exp_2"
"1512",3,94,4,6,"okuyor","exp_2"
"1513",3,94,4,7,"diye","exp_2"
"1514",3,94,4,8,"herkes","exp_2"
"1515",3,94,4,9,"karde?inin","exp_2"
"1516",3,94,4,10,"ba?ar?s?n?","exp_2"
"1517",3,94,4,11,"y?z?ne","exp_2"
"1518",3,94,4,12,"vuruyordu.","exp_2"
"1519",3,141,9,1,"Y?l","exp_2"
"1520",3,141,9,2,"sonu","exp_2"
"1521",3,141,9,3,"foto?raf","exp_2"
"1522",3,141,9,4,"?ekimleri","exp_2"
"1523",3,141,9,5,"i?in","exp_2"
"1524",3,141,9,6,"arkada?lar?mla","exp_2"
"1525",3,141,9,7,"birlikte","exp_2"
"1526",3,141,9,8,"kuaf?re","exp_2"
"1527",3,141,9,9,"f?n","exp_2"
"1528",3,141,9,10,"?ektirmeye","exp_2"
"1529",3,141,9,11,"gittik","exp_2"
"1530",3,141,9,12,"ama","exp_2"
"1531",3,141,9,13,"ya?mur","exp_2"
"1532",3,141,9,14,"ya?d???","exp_2"
"1533",3,141,9,15,"i?in","exp_2"
"1534",3,141,9,16,"sa?lar?m?z","exp_2"
"1535",3,141,9,17,"bozuldu.","exp_2"
"1536",3,132,6,1,"Ak?am","exp_2"
"1537",3,132,6,2,"yeme?i","exp_2"
"1538",3,132,6,3,"i?in","exp_2"
"1539",3,132,6,4,"?zel","exp_2"
"1540",3,132,6,5,"bir","exp_2"
"1541",3,132,6,6,"sos","exp_2"
"1542",3,132,6,7,"haz?rlad?m","exp_2"
"1543",3,132,6,8,"umar?m","exp_2"
"1544",3,132,6,9,"seversiniz.","exp_2"
"1545",3,116,3,1,"Apartman","exp_2"
"1546",3,116,3,2,"kap?s?ndaki","exp_2"
"1547",3,116,3,3,"zil","exp_2"
"1548",3,116,3,4,"bozuldu","exp_2"
"1549",3,116,3,5,"diye","exp_2"
"1550",3,116,3,6,"herkes","exp_2"
"1551",3,116,3,7,"kap?ya","exp_2"
"1552",3,116,3,8,"sert?e","exp_2"
"1553",3,116,3,9,"vuruyordu.","exp_2"
"1554",3,120,7,1,"A??r?","exp_2"
"1555",3,120,7,2,"ya?mur","exp_2"
"1556",3,120,7,3,"ya?d???","exp_2"
"1557",3,120,7,4,"i?in","exp_2"
"1558",3,120,7,5,"t?m","exp_2"
"1559",3,120,7,6,"?ehri","exp_2"
"1560",3,120,7,7,"sel","exp_2"
"1561",3,120,7,8,"bast?","exp_2"
"1562",3,120,7,9,"ve","exp_2"
"1563",3,120,7,10,"bir?ok","exp_2"
"1564",3,120,7,11,"insan","exp_2"
"1565",3,120,7,12,"evsiz","exp_2"
"1566",3,120,7,13,"kald?.","exp_2"
"1567",3,130,4,1,"Erkek","exp_2"
"1568",3,130,4,2,"arkada??m","exp_2"
"1569",3,130,4,3,"yeni","exp_2"
"1570",3,130,4,4,"sa?","exp_2"
"1571",3,130,4,5,"ektirdi","exp_2"
"1572",3,130,4,6,"ve","exp_2"
"1573",3,130,4,7,"d??ar?","exp_2"
"1574",3,130,4,8,"??kmaya","exp_2"
"1575",3,130,4,9,"utan?yor.","exp_2"
"1576",3,110,8,1,"Bir","exp_2"
"1577",3,110,8,2,"hafta","exp_2"
"1578",3,110,8,3,"sonra","exp_2"
"1579",3,110,8,4,"girece?im","exp_2"
"1580",3,110,8,5,"ehliyet","exp_2"
"1581",3,110,8,6,"s?nav?","exp_2"
"1582",3,110,8,7,"i?in","exp_2"
"1583",3,110,8,8,"?ok","exp_2"
"1584",3,110,8,9,"heyecanl?y?m","exp_2"
"1585",3,110,8,10,"bu","exp_2"
"1586",3,110,8,11,"y?zden","exp_2"
"1587",3,110,8,12,"r?yamda","exp_2"
"1588",3,110,8,13,"hep","exp_2"
"1589",3,110,8,14,"s?navdan","exp_2"
"1590",3,110,8,15,"kal?yorum.","exp_2"
"1591",3,143,4,1,"Sahilde","exp_2"
"1592",3,143,4,2,"y?r?rken","exp_2"
"1593",3,143,4,3,"aya??ma","exp_2"
"1594",3,143,4,4,"cam","exp_2"
"1595",3,143,4,5,"batt?","exp_2"
"1596",3,143,4,6,"bu","exp_2"
"1597",3,143,4,7,"y?zden","exp_2"
"1598",3,143,4,8,"hastaneye","exp_2"
"1599",3,143,4,9,"gidip","exp_2"
"1600",3,143,4,10,"diki?","exp_2"
"1601",3,143,4,11,"att?rmak","exp_2"
"1602",3,143,4,12,"zorunda","exp_2"
"1603",3,143,4,13,"kald?m.","exp_2"
"1604",3,148,8,1,"Hava","exp_2"
"1605",3,148,8,2,"s?cak","exp_2"
"1606",3,148,8,3,"oldu?u","exp_2"
"1607",3,148,8,4,"zaman","exp_2"
"1608",3,148,8,5,"g?nde","exp_2"
"1609",3,148,8,6,"birka?","exp_2"
"1610",3,148,8,7,"kez","exp_2"
"1611",3,148,8,8,"du?","exp_2"
"1612",3,148,8,9,"al?r?m","exp_2"
"1613",3,148,8,10,"ve","exp_2"
"1614",3,148,8,11,"sa?l?kl?","exp_2"
"1615",3,148,8,12,"olmad???","exp_2"
"1616",3,148,8,13,"i?in","exp_2"
"1617",3,148,8,14,"annem","exp_2"
"1618",3,148,8,15,"bana","exp_2"
"1619",3,148,8,16,"k?zar.","exp_2"
"1620",3,102,5,1,"Yeni","exp_2"
"1621",3,102,5,2,"ald???m","exp_2"
"1622",3,102,5,3,"tabloyu","exp_2"
"1623",3,102,5,4,"arabayla","exp_2"
"1624",3,102,5,5,"eve","exp_2"
"1625",3,102,5,6,"getirdik","exp_2"
"1626",3,102,5,7,"ama","exp_2"
"1627",3,102,5,8,"bir","exp_2"
"1628",3,102,5,9,"bakt?k","exp_2"
"1629",3,102,5,10,"ki","exp_2"
"1630",3,102,5,11,"tablo","exp_2"
"1631",3,102,5,12,"?izilmi?.","exp_2"
"1632",3,96,9,1,"En","exp_2"
"1633",3,96,9,2,"yak?n","exp_2"
"1634",3,96,9,3,"arkada??m","exp_2"
"1635",3,96,9,4,"bug?n","exp_2"
"1636",3,96,9,5,"bizim","exp_2"
"1637",3,96,9,6,"eve","exp_2"
"1638",3,96,9,7,"gelece?i","exp_2"
"1639",3,96,9,8,"i?in","exp_2"
"1640",3,96,9,9,"?ok","exp_2"
"1641",3,96,9,10,"sevin?li","exp_2"
"1642",3,96,9,11,"ve","exp_2"
"1643",3,96,9,12,"heyecanl?y?m.","exp_2"
"1644",3,119,8,1,"Sabah","exp_2"
"1645",3,119,8,2,"alarm?n?","exp_2"
"1646",3,119,8,3,"duymad???","exp_2"
"1647",3,119,8,4,"ve","exp_2"
"1648",3,119,8,5,"uyanamad???","exp_2"
"1649",3,119,8,6,"i?in","exp_2"
"1650",3,119,8,7,"i?e","exp_2"
"1651",3,119,8,8,"ge?","exp_2"
"1652",3,119,8,9,"kald?","exp_2"
"1653",3,119,8,10,"ve","exp_2"
"1654",3,119,8,11,"patron","exp_2"
"1655",3,119,8,12,"onu","exp_2"
"1656",3,119,8,13,"azarlad?.","exp_2"
"1657",3,138,4,1,"Ahmet'e","exp_2"
"1658",3,138,4,2,"gitti?imde","exp_2"
"1659",3,138,4,3,"bana","exp_2"
"1660",3,138,4,4,"pul","exp_2"
"1661",3,138,4,5,"koleksiyonunu","exp_2"
"1662",3,138,4,6,"g?sterdi","exp_2"
"1663",3,138,4,7,"ve","exp_2"
"1664",3,138,4,8,"ben","exp_2"
"1665",3,138,4,9,"?ok","exp_2"
"1666",3,138,4,10,"be?endim.","exp_2"
"1667",3,146,10,1,"E?er","exp_2"
"1668",3,146,10,2,"s?navdan","exp_2"
"1669",3,146,10,3,"iyi","exp_2"
"1670",3,146,10,4,"bir","exp_2"
"1671",3,146,10,5,"not","exp_2"
"1672",3,146,10,6,"alm??","exp_2"
"1673",3,146,10,7,"olsayd?m","exp_2"
"1674",3,146,10,8,"tatile","exp_2"
"1675",3,146,10,9,"arkada?lar?m","exp_2"
"1676",3,146,10,10,"ile","exp_2"
"1677",3,146,10,11,"gidecektim","exp_2"
"1678",3,146,10,12,"ama","exp_2"
"1679",3,146,10,13,"notlar?m","exp_2"
"1680",3,146,10,14,"k?t?","exp_2"
"1681",3,146,10,15,"geldi","exp_2"
"1682",3,146,10,16,"bu","exp_2"
"1683",3,146,10,17,"y?zden","exp_2"
"1684",3,146,10,18,"evde","exp_2"
"1685",3,146,10,19,"kald?m.","exp_2"
"1686",3,142,5,1,"K??","exp_2"
"1687",3,142,5,2,"meyvelerinden","exp_2"
"1688",3,142,5,3,"en","exp_2"
"1689",3,142,5,4,"?ok","exp_2"
"1690",3,142,5,5,"muz","exp_2"
"1691",3,142,5,6,"yenir","exp_2"
"1692",3,142,5,7,"ama","exp_2"
"1693",3,142,5,8,"?u","exp_2"
"1694",3,142,5,9,"zamanda","exp_2"
"1695",3,142,5,10,"muzun","exp_2"
"1696",3,142,5,11,"kilosu","exp_2"
"1697",3,142,5,12,"?ok","exp_2"
"1698",3,142,5,13,"pahal?.","exp_2"
"1699",3,151,7,1,"Az","exp_2"
"1700",3,151,7,2,"?nce","exp_2"
"1701",3,151,7,3,"yedi?im","exp_2"
"1702",3,151,7,4,"yemek","exp_2"
"1703",3,151,7,5,"y?z?nden","exp_2"
"1704",3,151,7,6,"midem","exp_2"
"1705",3,151,7,7,"?ok","exp_2"
"1706",3,151,7,8,"a?r?yor","exp_2"
"1707",3,151,7,9,"ama","exp_2"
"1708",3,151,7,10,"yine","exp_2"
"1709",3,151,7,11,"de","exp_2"
"1710",3,151,7,12,"iyi","exp_2"
"1711",3,151,7,13,"ki","exp_2"
"1712",3,151,7,14,"yemi?im.","exp_2"
"1713",3,133,6,1,"Evi","exp_2"
"1714",3,133,6,2,"temizlemene","exp_2"
"1715",3,133,6,3,"ra?men","exp_2"
"1716",3,133,6,4,"camlar?n","exp_2"
"1717",3,133,6,5,"?st?nde","exp_2"
"1718",3,133,6,6,"toz","exp_2"
"1719",3,133,6,7,"kalm??","exp_2"
"1720",3,133,6,8,"o","exp_2"
"1721",3,133,6,9,"y?zden","exp_2"
"1722",3,133,6,10,"yar?n","exp_2"
"1723",3,133,6,11,"i?in","exp_2"
"1724",3,133,6,12,"temizlik?i","exp_2"
"1725",3,133,6,13,"?a??rd?m.","exp_2"
"1726",3,90,6,1,"D???ne","exp_2"
"1727",3,90,6,2,"kat?lmadan","exp_2"
"1728",3,90,6,3,"?nce","exp_2"
"1729",3,90,6,4,"kuaf?re","exp_2"
"1730",3,90,6,5,"gidip","exp_2"
"1731",3,90,6,6,"f?n","exp_2"
"1732",3,90,6,7,"?ektirdi","exp_2"
"1733",3,90,6,8,"ama","exp_2"
"1734",3,90,6,9,"hi?","exp_2"
"1735",3,90,6,10,"be?enmedi.","exp_2"
"1736",3,104,5,1,"Film","exp_2"
"1737",3,104,5,2,"izlerken","exp_2"
"1738",3,104,5,3,"m?s?r","exp_2"
"1739",3,104,5,4,"yemeyi","exp_2"
"1740",3,104,5,5,"?ok","exp_2"
"1741",3,104,5,6,"seviyorum","exp_2"
"1742",3,104,5,7,"ama","exp_2"
"1743",3,104,5,8,"bug?n","exp_2"
"1744",3,104,5,9,"evde","exp_2"
"1745",3,104,5,10,"m?s?r","exp_2"
"1746",3,104,5,11,"kalmam??t?.","exp_2"
"1747",3,159,7,1,"D?n","exp_2"
"1748",3,159,7,2,"geceki","exp_2"
"1749",3,159,7,3,"davette","exp_2"
"1750",3,159,7,4,"yemek","exp_2"
"1751",3,159,7,5,"yerken","exp_2"
"1752",3,159,7,6,"elbisem","exp_2"
"1753",3,159,7,7,"ya?","exp_2"
"1754",3,159,7,8,"oldu","exp_2"
"1755",3,159,7,9,"bu","exp_2"
"1756",3,159,7,10,"y?zden","exp_2"
"1757",3,159,7,11,"kuru","exp_2"
"1758",3,159,7,12,"temizlemeye","exp_2"
"1759",3,159,7,13,"b?rakt?m.","exp_2"
"1760",3,153,8,1,"Babam","exp_2"
"1761",3,153,8,2,"yar?n","exp_2"
"1762",3,153,8,3,"piknikte","exp_2"
"1763",3,153,8,4,"arkada?lar?m","exp_2"
"1764",3,153,8,5,"ile","exp_2"
"1765",3,153,8,6,"oynayabilmem","exp_2"
"1766",3,153,8,7,"i?in","exp_2"
"1767",3,153,8,8,"top","exp_2"
"1768",3,153,8,9,"ald?","exp_2"
"1769",3,153,8,10,"ama","exp_2"
"1770",3,153,8,11,"arkada?lar?m","exp_2"
"1771",3,153,8,12,"oynamak","exp_2"
"1772",3,153,8,13,"istemedi.","exp_2"
"1773",3,83,6,1,"G?kku?a??n?n","exp_2"
"1774",3,83,6,2,"i?indeki","exp_2"
"1775",3,83,6,3,"renklerden","exp_2"
"1776",3,83,6,4,"en","exp_2"
"1777",3,83,6,5,"?ok","exp_2"
"1778",3,83,6,6,"mor","exp_2"
"1779",3,83,6,7,"rengini","exp_2"
"1780",3,83,6,8,"seviyorum.","exp_2"
"1781",3,89,3,1,"K?lt?rel","exp_2"
"1782",3,89,3,2,"etkile?imde","exp_2"
"1783",3,89,3,3,"dil","exp_2"
"1784",3,89,3,4,"?ok","exp_2"
"1785",3,89,3,5,"?nemlidir.","exp_2"
"1786",3,125,7,1,"Son","exp_2"
"1787",3,125,7,2,"g?nlerde","exp_2"
"1788",3,125,7,3,"?ok","exp_2"
"1789",3,125,7,4,"yo?unum","exp_2"
"1790",3,125,7,5,"ve","exp_2"
"1791",3,125,7,6,"telefonum","exp_2"
"1792",3,125,7,7,"hi?","exp_2"
"1793",3,125,7,8,"susmuyor","exp_2"
"1794",3,125,7,9,"bu","exp_2"
"1795",3,125,7,10,"y?zden","exp_2"
"1796",3,125,7,11,"kapat?p","exp_2"
"1797",3,125,7,12,"tatile","exp_2"
"1798",3,125,7,13,"gitmek","exp_2"
"1799",3,125,7,14,"istiyorum.","exp_2"
"1800",3,231,8,1,"Mehmet","exp_3"
"1801",3,231,8,2,"aya??n?","exp_3"
"1802",3,231,8,3,"burktu?u","exp_3"
"1803",3,231,8,4,"i?in","exp_3"
"1804",3,231,8,5,"babas?","exp_3"
"1805",3,231,8,6,"onu","exp_3"
"1806",3,231,8,7,"hastaneye","exp_3"
"1807",3,231,8,8,"zor","exp_3"
"1808",3,231,8,9,"g?t?rd?.","exp_3"
"1809",3,191,8,1,"?yle","exp_3"
"1810",3,191,8,2,"?ok","exp_3"
"1811",3,191,8,3,"baharat","exp_3"
"1812",3,191,8,4,"kullanm??t?","exp_3"
"1813",3,191,8,5,"ki","exp_3"
"1814",3,191,8,6,"yemekler","exp_3"
"1815",3,191,8,7,"?ok","exp_3"
"1816",3,191,8,8,"ac?","exp_3"
"1817",3,191,8,9,"olmu?tu","exp_3"
"1818",3,191,8,10,"ve","exp_3"
"1819",3,191,8,11,"kimse","exp_3"
"1820",3,191,8,12,"yeme?i","exp_3"
"1821",3,191,8,13,"yiyememi?ti.","exp_3"
"1822",3,206,5,1,"??","exp_3"
"1823",3,206,5,2,"yerindeki","exp_3"
"1824",3,206,5,3,"?ayc?","exp_3"
"1825",3,206,5,4,"iki","exp_3"
"1826",3,206,5,5,"g?n","exp_3"
"1827",3,206,5,6,"tatil","exp_3"
"1828",3,206,5,7,"izni","exp_3"
"1829",3,206,5,8,"istedi","exp_3"
"1830",3,206,5,9,"o","exp_3"
"1831",3,206,5,10,"y?zden","exp_3"
"1832",3,206,5,11,"?aylar?","exp_3"
"1833",3,206,5,12,"ben","exp_3"
"1834",3,206,5,13,"yap?yorum.","exp_3"
"1835",3,189,7,1,"Hafta","exp_3"
"1836",3,189,7,2,"i?i","exp_3"
"1837",3,189,7,3,"?al??t???","exp_3"
"1838",3,189,7,4,"i?in","exp_3"
"1839",3,189,7,5,"hafta","exp_3"
"1840",3,189,7,6,"sonu","exp_3"
"1841",3,189,7,7,"?t?","exp_3"
"1842",3,189,7,8,"yap?yor","exp_3"
"1843",3,189,7,9,"ama","exp_3"
"1844",3,189,7,10,"asla","exp_3"
"1845",3,189,7,11,"yeti?tiremiyor.","exp_3"
"1846",3,190,6,1,"Kom?usunun","exp_3"
"1847",3,190,6,2,"ke?ileri","exp_3"
"1848",3,190,6,3,"g?nde","exp_3"
"1849",3,190,6,4,"iki","exp_3"
"1850",3,190,6,5,"litre","exp_3"
"1851",3,190,6,6,"s?t","exp_3"
"1852",3,190,6,7,"veriyor","exp_3"
"1853",3,190,6,8,"diye","exp_3"
"1854",3,190,6,9,"asla","exp_3"
"1855",3,190,6,10,"s?t","exp_3"
"1856",3,190,6,11,"alma","exp_3"
"1857",3,190,6,12,"ihtiyac?","exp_3"
"1858",3,190,6,13,"hissetmedi.","exp_3"
"1859",3,202,4,1,"Yeni","exp_3"
"1860",3,202,4,2,"ald???","exp_3"
"1861",3,202,4,3,"?anta","exp_3"
"1862",3,202,4,4,"ela","exp_3"
"1863",3,202,4,5,"rengi","exp_3"
"1864",3,202,4,6,"elbisesi","exp_3"
"1865",3,202,4,7,"ile","exp_3"
"1866",3,202,4,8,"uyumsuz","exp_3"
"1867",3,202,4,9,"olmu?tu.","exp_3"
"1868",3,199,7,1,"Arkada??m?n","exp_3"
"1869",3,199,7,2,"kedisi","exp_3"
"1870",3,199,7,3,"oldu?u","exp_3"
"1871",3,199,7,4,"i?in","exp_3"
"1872",3,199,7,5,"her","exp_3"
"1873",3,199,7,6,"yer","exp_3"
"1874",3,199,7,7,"t?y","exp_3"
"1875",3,199,7,8,"yuma??","exp_3"
"1876",3,199,7,9,"oluyor.","exp_3"
"1877",3,222,7,1,"G?nlerce","exp_3"
"1878",3,222,7,2,"?al??t???m","exp_3"
"1879",3,222,7,3,"s?navdan","exp_3"
"1880",3,222,7,4,"?ok","exp_3"
"1881",3,222,7,5,"iyi","exp_3"
"1882",3,222,7,6,"bir","exp_3"
"1883",3,222,7,7,"not","exp_3"
"1884",3,222,7,8,"ald?m","exp_3"
"1885",3,222,7,9,"ama","exp_3"
"1886",3,222,7,10,"nedense","exp_3"
"1887",3,222,7,11,"mutlu","exp_3"
"1888",3,222,7,12,"olamad?m.","exp_3"
"1889",3,200,5,1,"Evde","exp_3"
"1890",3,200,5,2,"toplan?p","exp_3"
"1891",3,200,5,3,"erkek","exp_3"
"1892",3,200,5,4,"erke?e","exp_3"
"1893",3,200,5,5,"ma?","exp_3"
"1894",3,200,5,6,"izlemeyi","exp_3"
"1895",3,200,5,7,"?ok","exp_3"
"1896",3,200,5,8,"seviyorlar","exp_3"
"1897",3,200,5,9,"fakat","exp_3"
"1898",3,200,5,10,"ben","exp_3"
"1899",3,200,5,11,"televizyon","exp_3"
"1900",3,200,5,12,"izleyemiyorum.","exp_3"
"1901",3,163,7,1,"Onu","exp_3"
"1902",3,163,7,2,"i?e","exp_3"
"1903",3,163,7,3,"geri","exp_3"
"1904",3,163,7,4,"als?n","exp_3"
"1905",3,163,7,5,"diye","exp_3"
"1906",3,163,7,6,"patronuna","exp_3"
"1907",3,163,7,7,"?ok","exp_3"
"1908",3,163,7,8,"yalvard?","exp_3"
"1909",3,163,7,9,"lakin","exp_3"
"1910",3,163,7,10,"patronu","exp_3"
"1911",3,163,7,11,"istifini","exp_3"
"1912",3,163,7,12,"bozmad?.","exp_3"
"1913",3,221,7,1,"D?n","exp_3"
"1914",3,221,7,2,"ak?am","exp_3"
"1915",3,221,7,3,"?stanbul'a","exp_3"
"1916",3,221,7,4,"kar","exp_3"
"1917",3,221,7,5,"ya?d?","exp_3"
"1918",3,221,7,6,"ve","exp_3"
"1919",3,221,7,7,"her","exp_3"
"1920",3,221,7,8,"yer","exp_3"
"1921",3,221,7,9,"bembeyaz","exp_3"
"1922",3,221,7,10,"oldu.","exp_3"
"1923",3,174,4,1,"G?zelce","exp_3"
"1924",3,174,4,2,"terbiye","exp_3"
"1925",3,174,4,3,"etti?i","exp_3"
"1926",3,174,4,4,"eti","exp_3"
"1927",3,174,4,5,"pi?irdi","exp_3"
"1928",3,174,4,6,"ve","exp_3"
"1929",3,174,4,7,"misafirlere","exp_3"
"1930",3,174,4,8,"?ok","exp_3"
"1931",3,174,4,9,"g?zel","exp_3"
"1932",3,174,4,10,"bir","exp_3"
"1933",3,174,4,11,"kebap","exp_3"
"1934",3,174,4,12,"haz?rlad?.","exp_3"
"1935",3,168,8,1,"?yle","exp_3"
"1936",3,168,8,2,"gizemli","exp_3"
"1937",3,168,8,3,"hareket","exp_3"
"1938",3,168,8,4,"ediyordu","exp_3"
"1939",3,168,8,5,"ki","exp_3"
"1940",3,168,8,6,"belli","exp_3"
"1941",3,168,8,7,"ki","exp_3"
"1942",3,168,8,8,"s?r","exp_3"
"1943",3,168,8,9,"sakl?yordu","exp_3"
"1944",3,168,8,10,"ama","exp_3"
"1945",3,168,8,11,"ben","exp_3"
"1946",3,168,8,12,"ne","exp_3"
"1947",3,168,8,13,"oldu?unu","exp_3"
"1948",3,168,8,14,"??zemedim.","exp_3"
"1949",3,188,4,1,"?ark?c?n?n","exp_3"
"1950",3,188,4,2,"t?m","exp_3"
"1951",3,188,4,3,"alb?mleri","exp_3"
"1952",3,188,4,4,"?ok","exp_3"
"1953",3,188,4,5,"satt?","exp_3"
"1954",3,188,4,6,"ve","exp_3"
"1955",3,188,4,7,"bir","exp_3"
"1956",3,188,4,8,"anda","exp_3"
"1957",3,188,4,9,"?nlendi.","exp_3"
"1958",3,227,9,1,"Babam","exp_3"
"1959",3,227,9,2,"bug?n","exp_3"
"1960",3,227,9,3,"ge?","exp_3"
"1961",3,227,9,4,"saate","exp_3"
"1962",3,227,9,5,"kadar","exp_3"
"1963",3,227,9,6,"?al??t???","exp_3"
"1964",3,227,9,7,"i?in","exp_3"
"1965",3,227,9,8,"eve","exp_3"
"1966",3,227,9,9,"ge?","exp_3"
"1967",3,227,9,10,"geldi","exp_3"
"1968",3,227,9,11,"o","exp_3"
"1969",3,227,9,12,"y?zden","exp_3"
"1970",3,227,9,13,"konu?amad?k.","exp_3"
"1971",3,177,3,1,"?ok","exp_3"
"1972",3,177,3,2,"yo?un","exp_3"
"1973",3,177,3,3,"sis","exp_3"
"1974",3,177,3,4,"vard?","exp_3"
"1975",3,177,3,5,"ve","exp_3"
"1976",3,177,3,6,"t?m","exp_3"
"1977",3,177,3,7,"yollar","exp_3"
"1978",3,177,3,8,"karma??kt?.","exp_3"
"1979",3,167,6,1,"Emekli","exp_3"
"1980",3,167,6,2,"olduktan","exp_3"
"1981",3,167,6,3,"sonra","exp_3"
"1982",3,167,6,4,"?iftli?e","exp_3"
"1983",3,167,6,5,"yerle?ip","exp_3"
"1984",3,167,6,6,"bal","exp_3"
"1985",3,167,6,7,"?rettip","exp_3"
"1986",3,167,6,8,"satmaya","exp_3"
"1987",3,167,6,9,"karar","exp_3"
"1988",3,167,6,10,"verdi.","exp_3"
"1989",3,224,6,1,"Gece","exp_3"
"1990",3,224,6,2,"yar?s?na","exp_3"
"1991",3,224,6,3,"kadar","exp_3"
"1992",3,224,6,4,"ders","exp_3"
"1993",3,224,6,5,"?al??mak","exp_3"
"1994",3,224,6,6,"zor","exp_3"
"1995",3,224,6,7,"olmal?","exp_3"
"1996",3,224,6,8,"o","exp_3"
"1997",3,224,6,9,"y?zden","exp_3"
"1998",3,224,6,10,"uykusuz","exp_3"
"1999",3,224,6,11,"kal?yor","exp_3"
"2000",3,224,6,12,"olabilirsin.","exp_3"
"2001",3,219,6,1,"Onu","exp_3"
"2002",3,219,6,2,"bir?ok","exp_3"
"2003",3,219,6,3,"kez","exp_3"
"2004",3,219,6,4,"uyarmama","exp_3"
"2005",3,219,6,5,"ra?men","exp_3"
"2006",3,219,6,6,"hi?","exp_3"
"2007",3,219,6,7,"dinlemedi","exp_3"
"2008",3,219,6,8,"ve","exp_3"
"2009",3,219,6,9,"bildi?ini","exp_3"
"2010",3,219,6,10,"okudu","exp_3"
"2011",3,219,6,11,"o","exp_3"
"2012",3,219,6,12,"y?zden","exp_3"
"2013",3,219,6,13,"de","exp_3"
"2014",3,219,6,14,"kaybetti.","exp_3"
"2015",3,193,7,1,"Sokaktan","exp_3"
"2016",3,193,7,2,"ge?en","exp_3"
"2017",3,193,7,3,"?ocuk","exp_3"
"2018",3,193,7,4,"?ok","exp_3"
"2019",3,193,7,5,"g??l?","exp_3"
"2020",3,193,7,6,"vurunca","exp_3"
"2021",3,193,7,7,"top","exp_3"
"2022",3,193,7,8,"?at?ya","exp_3"
"2023",3,193,7,9,"ka?t?.","exp_3"
"2024",3,211,3,1,"Salon","exp_3"
"2025",3,211,3,2,"kap?s?ndaki","exp_3"
"2026",3,211,3,3,"cam","exp_3"
"2027",3,211,3,4,"k?r?ld?","exp_3"
"2028",3,211,3,5,"bu","exp_3"
"2029",3,211,3,6,"y?zden","exp_3"
"2030",3,211,3,7,"babam","exp_3"
"2031",3,211,3,8,"oraya","exp_3"
"2032",3,211,3,9,"ba?ka","exp_3"
"2033",3,211,3,10,"kap?","exp_3"
"2034",3,211,3,11,"takt?racak.","exp_3"
"2035",3,196,6,1,"O","exp_3"
"2036",3,196,6,2,"giyimi","exp_3"
"2037",3,196,6,3,"ile","exp_3"
"2038",3,196,6,4,"hep","exp_3"
"2039",3,196,6,5,"kendine","exp_3"
"2040",3,196,6,6,"has","exp_3"
"2041",3,196,6,7,"g?zel","exp_3"
"2042",3,196,6,8,"bir","exp_3"
"2043",3,196,6,9,"tarza","exp_3"
"2044",3,196,6,10,"sahip","exp_3"
"2045",3,196,6,11,"olmu?tur.","exp_3"
"2046",3,164,6,1,"Uyku","exp_3"
"2047",3,164,6,2,"problemi","exp_3"
"2048",3,164,6,3,"y?z?nden","exp_3"
"2049",3,164,6,4,"i?e","exp_3"
"2050",3,164,6,5,"hep","exp_3"
"2051",3,164,6,6,"ge?","exp_3"
"2052",3,164,6,7,"kal?yor","exp_3"
"2053",3,164,6,8,"ve","exp_3"
"2054",3,164,6,9,"verimli","exp_3"
"2055",3,164,6,10,"?al??am?yordu.","exp_3"
"2056",3,208,4,1,"Arkada??m","exp_3"
"2057",3,208,4,2,"kekin","exp_3"
"2058",3,208,4,3,"yan?nda","exp_3"
"2059",3,208,4,4,"?ay","exp_3"
"2060",3,208,4,5,"ikram","exp_3"
"2061",3,208,4,6,"etti","exp_3"
"2062",3,208,4,7,"o","exp_3"
"2063",3,208,4,8,"y?zden","exp_3"
"2064",3,208,4,9,"saatlerce","exp_3"
"2065",3,208,4,10,"oturduk.","exp_3"
"2066",3,229,5,1,"Okulda","exp_3"
"2067",3,229,5,2,"yap?lan","exp_3"
"2068",3,229,5,3,"deneylere","exp_3"
"2069",3,229,5,4,"bir?ok","exp_3"
"2070",3,229,5,5,"kez","exp_3"
"2071",3,229,5,6,"kat?ld?m","exp_3"
"2072",3,229,5,7,"ama","exp_3"
"2073",3,229,5,8,"bana","exp_3"
"2074",3,229,5,9,"hi?bir","exp_3"
"2075",3,229,5,10,"faydas?","exp_3"
"2076",3,229,5,11,"olmad?.","exp_3"
"2077",3,226,6,1,"Grup","exp_3"
"2078",3,226,6,2,"projesi","exp_3"
"2079",3,226,6,3,"i?in","exp_3"
"2080",3,226,6,4,"tasarlad???m?z","exp_3"
"2081",3,226,6,5,"posteri","exp_3"
"2082",3,226,6,6,"zor","exp_3"
"2083",3,226,6,7,"tamamlad?k","exp_3"
"2084",3,226,6,8,"ke?ke","exp_3"
"2085",3,226,6,9,"bize","exp_3"
"2086",3,226,6,10,"yard?m","exp_3"
"2087",3,226,6,11,"etselerdi.","exp_3"
"2088",3,237,3,1,"Telefonumdaki","exp_3"
"2089",3,237,3,2,"mavi","exp_3"
"2090",3,237,3,3,"tu?","exp_3"
"2091",3,237,3,4,"bozuldu?u","exp_3"
"2092",3,237,3,5,"i?in","exp_3"
"2093",3,237,3,6,"tamire","exp_3"
"2094",3,237,3,7,"yollad?m.","exp_3"
"2095",3,220,7,1,"Arkada??m?n","exp_3"
"2096",3,220,7,2,"evine","exp_3"
"2097",3,220,7,3,"ak?am","exp_3"
"2098",3,220,7,4,"yeme?i","exp_3"
"2099",3,220,7,5,"i?in","exp_3"
"2100",3,220,7,6,"bir?ok","exp_3"
"2101",3,220,7,7,"kez","exp_3"
"2102",3,220,7,8,"gittim","exp_3"
"2103",3,220,7,9,"ama","exp_3"
"2104",3,220,7,10,"hala","exp_3"
"2105",3,220,7,11,"her","exp_3"
"2106",3,220,7,12,"seferinde","exp_3"
"2107",3,220,7,13,"yolu","exp_3"
"2108",3,220,7,14,"kar??t?r?yorum.","exp_3"
"2109",3,207,3,1,"Markete","exp_3"
"2110",3,207,3,2,"giderken","exp_3"
"2111",3,207,3,3,"kar","exp_3"
"2112",3,207,3,4,"ya??yordu","exp_3"
"2113",3,207,3,5,"ve","exp_3"
"2114",3,207,3,6,"aya??m","exp_3"
"2115",3,207,3,7,"kay?p","exp_3"
"2116",3,207,3,8,"d??t?m.","exp_3"
"2117",3,232,4,1,"Bug?n","exp_3"
"2118",3,232,4,2,"kaybetti?im","exp_3"
"2119",3,232,4,3,"kalem","exp_3"
"2120",3,232,4,4,"gri","exp_3"
"2121",3,232,4,5,"rengindeydi.","exp_3"
"2122",3,235,4,1,"Bug?n","exp_3"
"2123",3,235,4,2,"kendimi","exp_3"
"2124",3,235,4,3,"hi?","exp_3"
"2125",3,235,4,4,"iyi","exp_3"
"2126",3,235,4,5,"hissetmiyorum","exp_3"
"2127",3,235,4,6,"ama","exp_3"
"2128",3,235,4,7,"yine","exp_3"
"2129",3,235,4,8,"de","exp_3"
"2130",3,235,4,9,"gelmeye","exp_3"
"2131",3,235,4,10,"?al??aca??m.","exp_3"
"2132",3,172,6,1,"Kurucusu","exp_3"
"2133",3,172,6,2,"?ld?kten","exp_3"
"2134",3,172,6,3,"sonra","exp_3"
"2135",3,172,6,4,"tiyatro","exp_3"
"2136",3,172,6,5,"salonu","exp_3"
"2137",3,172,6,6,"bo?","exp_3"
"2138",3,172,6,7,"kald?","exp_3"
"2139",3,172,6,8,"ve","exp_3"
"2140",3,172,6,9,"sat??a","exp_3"
"2141",3,172,6,10,"sunuldu.","exp_3"
"2142",3,181,4,1,"Evin","exp_3"
"2143",3,181,4,2,"t?m","exp_3"
"2144",3,181,4,3,"demirleri","exp_3"
"2145",3,181,4,4,"pas","exp_3"
"2146",3,181,4,5,"tutmu?","exp_3"
"2147",3,181,4,6,"bu","exp_3"
"2148",3,181,4,7,"y?zden","exp_3"
"2149",3,181,4,8,"i??i","exp_3"
"2150",3,181,4,9,"?a??rmam?z","exp_3"
"2151",3,181,4,10,"gerekti.","exp_3"
"2152",3,242,6,1,"Ge?en","exp_3"
"2153",3,242,6,2,"ak?am","exp_3"
"2154",3,242,6,3,"gitti?imiz","exp_3"
"2155",3,242,6,4,"restorandaki","exp_3"
"2156",3,242,6,5,"yemekler","exp_3"
"2157",3,242,6,6,"?ok","exp_3"
"2158",3,242,6,7,"k?t?yd?","exp_3"
"2159",3,242,6,8,"bir","exp_3"
"2160",3,242,6,9,"daha","exp_3"
"2161",3,242,6,10,"oraya","exp_3"
"2162",3,242,6,11,"gitmeyelim.","exp_3"
"2163",3,244,7,1,"Ablam","exp_3"
"2164",3,244,7,2,"spor","exp_3"
"2165",3,244,7,3,"salonunda","exp_3"
"2166",3,244,7,4,"?ok","exp_3"
"2167",3,244,7,5,"terledi?im","exp_3"
"2168",3,244,7,6,"i?in","exp_3"
"2169",3,244,7,7,"du?","exp_3"
"2170",3,244,7,8,"almam?","exp_3"
"2171",3,244,7,9,"istedi","exp_3"
"2172",3,244,7,10,"ama","exp_3"
"2173",3,244,7,11,"temiz","exp_3"
"2174",3,244,7,12,"bulmad???m","exp_3"
"2175",3,244,7,13,"i?in","exp_3"
"2176",3,244,7,14,"evde","exp_3"
"2177",3,244,7,15,"du?","exp_3"
"2178",3,244,7,16,"ald?m.","exp_3"
"2179",3,184,7,1,"Kuzey","exp_3"
"2180",3,184,7,2,"Anadolu","exp_3"
"2181",3,184,7,3,"fay?","exp_3"
"2182",3,184,7,4,"T?rkiye'nin","exp_3"
"2183",3,184,7,5,"en","exp_3"
"2184",3,184,7,6,"uzun","exp_3"
"2185",3,184,7,7,"fay","exp_3"
"2186",3,184,7,8,"hatt?d?r.","exp_3"
"2187",3,223,6,1,"D?n","exp_3"
"2188",3,223,6,2,"gece","exp_3"
"2189",3,223,6,3,"?ok","exp_3"
"2190",3,223,6,4,"k?t?","exp_3"
"2191",3,223,6,5,"bir","exp_3"
"2192",3,223,6,6,"d??","exp_3"
"2193",3,223,6,7,"g?rd?m","exp_3"
"2194",3,223,6,8,"o","exp_3"
"2195",3,223,6,9,"y?zden","exp_3"
"2196",3,223,6,10,"seni","exp_3"
"2197",3,223,6,11,"aramak","exp_3"
"2198",3,223,6,12,"istedim.","exp_3"
"2199",3,195,7,1,"K???n","exp_3"
"2200",3,195,7,2,"?ok","exp_3"
"2201",3,195,7,3,"a?","exp_3"
"2202",3,195,7,4,"oldu?umda","exp_3"
"2203",3,195,7,5,"hep","exp_3"
"2204",3,195,7,6,"iki","exp_3"
"2205",3,195,7,7,"tas","exp_3"
"2206",3,195,7,8,"?orba","exp_3"
"2207",3,195,7,9,"i?erim.","exp_3"
"2208",3,205,5,1,"Annem","exp_3"
"2209",3,205,5,2,"marketten","exp_3"
"2210",3,205,5,3,"bir","exp_3"
"2211",3,205,5,4,"po?et","exp_3"
"2212",3,205,5,5,"muz","exp_3"
"2213",3,205,5,6,"almaya","exp_3"
"2214",3,205,5,7,"gitti","exp_3"
"2215",3,205,5,8,"ama","exp_3"
"2216",3,205,5,9,"onun","exp_3"
"2217",3,205,5,10,"yerine","exp_3"
"2218",3,205,5,11,"elma","exp_3"
"2219",3,205,5,12,"alarak","exp_3"
"2220",3,205,5,13,"d?nd?.","exp_3"
"2221",3,246,7,1,"Bu","exp_3"
"2222",3,246,7,2,"pantolonu","exp_3"
"2223",3,246,7,3,"vitrinde","exp_3"
"2224",3,246,7,4,"be?enmeme","exp_3"
"2225",3,246,7,5,"ra?men","exp_3"
"2226",3,246,7,6,"?zerimde","exp_3"
"2227",3,246,7,7,"pek","exp_3"
"2228",3,246,7,8,"g?zel","exp_3"
"2229",3,246,7,9,"durmad?","exp_3"
"2230",3,246,7,10,"o","exp_3"
"2231",3,246,7,11,"y?zden","exp_3"
"2232",3,246,7,12,"almaktan","exp_3"
"2233",3,246,7,13,"vazge?tim.","exp_3"
"2234",3,216,5,1,"Bu","exp_3"
"2235",3,216,5,2,"hafta","exp_3"
"2236",3,216,5,3,"sonunu","exp_3"
"2237",3,216,5,4,"arkada??m","exp_3"
"2238",3,216,5,5,"ile","exp_3"
"2239",3,216,5,6,"ge?irece?im","exp_3"
"2240",3,216,5,7,"bu","exp_3"
"2241",3,216,5,8,"y?zden","exp_3"
"2242",3,216,5,9,"size","exp_3"
"2243",3,216,5,10,"kat?lamam.","exp_3"
"2244",3,233,7,1,"Kalbimi","exp_3"
"2245",3,233,7,2,"k?rd???","exp_3"
"2246",3,233,7,3,"i?in","exp_3"
"2247",3,233,7,4,"onu","exp_3"
"2248",3,233,7,5,"affetmem","exp_3"
"2249",3,233,7,6,"?ok","exp_3"
"2250",3,233,7,7,"zor","exp_3"
"2251",3,233,7,8,"olacak","exp_3"
"2252",3,233,7,9,"ve","exp_3"
"2253",3,233,7,10,"uzun","exp_3"
"2254",3,233,7,11,"y?llar","exp_3"
"2255",3,233,7,12,"hi?","exp_3"
"2256",3,233,7,13,"unutamayaca??m.","exp_3"
"2257",3,238,7,1,"Televizyondaki","exp_3"
"2258",3,238,7,2,"bu","exp_3"
"2259",3,238,7,3,"filmi","exp_3"
"2260",3,238,7,4,"daha","exp_3"
"2261",3,238,7,5,"?nce","exp_3"
"2262",3,238,7,6,"??","exp_3"
"2263",3,238,7,7,"kez","exp_3"
"2264",3,238,7,8,"izlemi?tim","exp_3"
"2265",3,238,7,9,"ama","exp_3"
"2266",3,238,7,10,"bu","exp_3"
"2267",3,238,7,11,"k?sm?","exp_3"
"2268",3,238,7,12,"hi?","exp_3"
"2269",3,238,7,13,"fark","exp_3"
"2270",3,238,7,14,"etmemi?im.","exp_3"
"2271",3,204,6,1,"Hava","exp_3"
"2272",3,204,6,2,"?ok","exp_3"
"2273",3,204,6,3,"s?cak","exp_3"
"2274",3,204,6,4,"olmamas?na","exp_3"
"2275",3,204,6,5,"ra?men","exp_3"
"2276",3,204,6,6,"nem","exp_3"
"2277",3,204,6,7,"oldu?u","exp_3"
"2278",3,204,6,8,"i?in","exp_3"
"2279",3,204,6,9,"herkes","exp_3"
"2280",3,204,6,10,"?ok","exp_3"
"2281",3,204,6,11,"terliyordu.","exp_3"
"2282",3,175,4,1,"Gemici","exp_3"
"2283",3,175,4,2,"d???m?","exp_3"
"2284",3,175,4,3,"att???","exp_3"
"2285",3,175,4,4,"ipi","exp_3"
"2286",3,175,4,5,"??zemedi","exp_3"
"2287",3,175,4,6,"bu","exp_3"
"2288",3,175,4,7,"y?zden","exp_3"
"2289",3,175,4,8,"r?ht?mdan","exp_3"
"2290",3,175,4,9,"ge?","exp_3"
"2291",3,175,4,10,"ayr?ld?lar.","exp_3"
"2292",3,236,7,1,"K?pe?im","exp_3"
"2293",3,236,7,2,"Linda'ya","exp_3"
"2294",3,236,7,3,"oynamas?","exp_3"
"2295",3,236,7,4,"i?in","exp_3"
"2296",3,236,7,5,"mavi","exp_3"
"2297",3,236,7,6,"bir","exp_3"
"2298",3,236,7,7,"top","exp_3"
"2299",3,236,7,8,"ald?m","exp_3"
"2300",3,236,7,9,"ama","exp_3"
"2301",3,236,7,10,"hi?","exp_3"
"2302",3,236,7,11,"sevmedi","exp_3"
"2303",3,236,7,12,"ve","exp_3"
"2304",3,236,7,13,"oynamad?.","exp_3"
"2305",3,176,5,1,"Kutlama","exp_3"
"2306",3,176,5,2,"gecesinde","exp_3"
"2307",3,176,5,3,"herkes","exp_3"
"2308",3,176,5,4,"?ok","exp_3"
"2309",3,176,5,5,"??k","exp_3"
"2310",3,176,5,6,"giyinmi?ti","exp_3"
"2311",3,176,5,7,"ama","exp_3"
"2312",3,176,5,8,"ben","exp_3"
"2313",3,176,5,9,"sade","exp_3"
"2314",3,176,5,10,"giyinmi?tim.","exp_3"
"2315",3,210,6,1,"Bu","exp_3"
"2316",3,210,6,2,"resim","exp_3"
"2317",3,210,6,3,"salondaki","exp_3"
"2318",3,210,6,4,"duvarda","exp_3"
"2319",3,210,6,5,"?ok","exp_3"
"2320",3,210,6,6,"iyi","exp_3"
"2321",3,210,6,7,"g?r?nm?yordu","exp_3"
"2322",3,210,6,8,"bu","exp_3"
"2323",3,210,6,9,"y?zden","exp_3"
"2324",3,210,6,10,"ba?ka","exp_3"
"2325",3,210,6,11,"odaya","exp_3"
"2326",3,210,6,12,"asmaya","exp_3"
"2327",3,210,6,13,"karar","exp_3"
"2328",3,210,6,14,"verdik.","exp_3"
"2329",3,228,7,1,"Bu","exp_3"
"2330",3,228,7,2,"yaz","exp_3"
"2331",3,228,7,3,"tatile","exp_3"
"2332",3,228,7,4,"en","exp_3"
"2333",3,228,7,5,"yak?n","exp_3"
"2334",3,228,7,6,"arkada??m","exp_3"
"2335",3,228,7,7,"ile","exp_3"
"2336",3,228,7,8,"gidece?im","exp_3"
"2337",3,228,7,9,"ama","exp_3"
"2338",3,228,7,10,"baharda","exp_3"
"2339",3,228,7,11,"seninle","exp_3"
"2340",3,228,7,12,"gidebiliriz.","exp_3"
"2341",3,197,4,1,"G?ne?li","exp_3"
"2342",3,197,4,2,"g?nlerde","exp_3"
"2343",3,197,4,3,"sahilde","exp_3"
"2344",3,197,4,4,"hep","exp_3"
"2345",3,197,4,5,"dondurma","exp_3"
"2346",3,197,4,6,"satan","exp_3"
"2347",3,197,4,7,"amca","exp_3"
"2348",3,197,4,8,"olur.","exp_3"
"2349",3,171,6,1,"Her","exp_3"
"2350",3,171,6,2,"ay","exp_3"
"2351",3,171,6,3,"d?zenli","exp_3"
"2352",3,171,6,4,"bir","exp_3"
"2353",3,171,6,5,"?ekilde","exp_3"
"2354",3,171,6,6,"fal","exp_3"
"2355",3,171,6,7,"bakt?r?rd?","exp_3"
"2356",3,171,6,8,"ama","exp_3"
"2357",3,171,6,9,"art?k","exp_3"
"2358",3,171,6,10,"paras?","exp_3"
"2359",3,171,6,11,"kalmam??t?.","exp_3"
"2360",3,218,6,1,"Bu","exp_3"
"2361",3,218,6,2,"kitab?n","exp_3"
"2362",3,218,6,3,"sonu","exp_3"
"2363",3,218,6,4,"bekledi?im","exp_3"
"2364",3,218,6,5,"kadar","exp_3"
"2365",3,218,6,6,"iyi","exp_3"
"2366",3,218,6,7,"bitmedi","exp_3"
"2367",3,218,6,8,"ama","exp_3"
"2368",3,218,6,9,"yine","exp_3"
"2369",3,218,6,10,"de","exp_3"
"2370",3,218,6,11,"ayn?","exp_3"
"2371",3,218,6,12,"yazar?n","exp_3"
"2372",3,218,6,13,"kitaplar?na","exp_3"
"2373",3,218,6,14,"bak?yorum.","exp_3"
"2374",3,169,6,1,"Ge?irdi?i","exp_3"
"2375",3,169,6,2,"kazadan","exp_3"
"2376",3,169,6,3,"sonra","exp_3"
"2377",3,169,6,4,"tek","exp_3"
"2378",3,169,6,5,"g?z?","exp_3"
"2379",3,169,6,6,"k?r","exp_3"
"2380",3,169,6,7,"oldu","exp_3"
"2381",3,169,6,8,"ve","exp_3"
"2382",3,169,6,9,"hayata","exp_3"
"2383",3,169,6,10,"kar??","exp_3"
"2384",3,169,6,11,"?ok","exp_3"
"2385",3,169,6,12,"?fkelendi.","exp_3"
"2386",3,173,6,1,"?yle","exp_3"
"2387",3,173,6,2,"pozitif","exp_3"
"2388",3,173,6,3,"bir","exp_3"
"2389",3,173,6,4,"insand?","exp_3"
"2390",3,173,6,5,"ki","exp_3"
"2391",3,173,6,6,"hep","exp_3"
"2392",3,173,6,7,"g?lerdi","exp_3"
"2393",3,173,6,8,"ama","exp_3"
"2394",3,173,6,9,"i?ten","exp_3"
"2395",3,173,6,10,"i?e","exp_3"
"2396",3,173,6,11,"?ok","exp_3"
"2397",3,173,6,12,"mutsuzdu.","exp_3"
"2398",3,187,8,1,"Gece","exp_3"
"2399",3,187,8,2,"g?nd?z","exp_3"
"2400",3,187,8,3,"alkol","exp_3"
"2401",3,187,8,4,"kulland???","exp_3"
"2402",3,187,8,5,"i?in","exp_3"
"2403",3,187,8,6,"arkada?lar?","exp_3"
"2404",3,187,8,7,"aras?nda","exp_3"
"2405",3,187,8,8,"ke?","exp_3"
"2406",3,187,8,9,"olarak","exp_3"
"2407",3,187,8,10,"bilinirdi","exp_3"
"2408",3,187,8,11,"ve","exp_3"
"2409",3,187,8,12,"herkes","exp_3"
"2410",3,187,8,13,"onunla","exp_3"
"2411",3,187,8,14,"dalga","exp_3"
"2412",3,187,8,15,"ge?erdi.","exp_3"
"2413",3,180,6,1,"T?m","exp_3"
"2414",3,180,6,2,"gece","exp_3"
"2415",3,180,6,3,"market","exp_3"
"2416",3,180,6,4,"market","exp_3"
"2417",3,180,6,5,"dola??p","exp_3"
"2418",3,180,6,6,"pil","exp_3"
"2419",3,180,6,7,"arad?","exp_3"
"2420",3,180,6,8,"ama","exp_3"
"2421",3,180,6,9,"bir","exp_3"
"2422",3,180,6,10,"t?rl?","exp_3"
"2423",3,180,6,11,"bulamad?.","exp_3"
"2424",3,212,5,1,"Londra'ya","exp_3"
"2425",3,212,5,2,"gitmeme","exp_3"
"2426",3,212,5,3,"on","exp_3"
"2427",3,212,5,4,"be?","exp_3"
"2428",3,212,5,5,"g?n","exp_3"
"2429",3,212,5,6,"kald?","exp_3"
"2430",3,212,5,7,"ama","exp_3"
"2431",3,212,5,8,"sanki","exp_3"
"2432",3,212,5,9,"on","exp_3"
"2433",3,212,5,10,"be?","exp_3"
"2434",3,212,5,11,"ay","exp_3"
"2435",3,212,5,12,"var","exp_3"
"2436",3,212,5,13,"gibi","exp_3"
"2437",3,212,5,14,"hissediyorum.","exp_3"
"2438",3,203,7,1,"O","exp_3"
"2439",3,203,7,2,"kadar","exp_3"
"2440",3,203,7,3,"fazla","exp_3"
"2441",3,203,7,4,"?al??m??t?","exp_3"
"2442",3,203,7,5,"ki","exp_3"
"2443",3,203,7,6,"ila?lar","exp_3"
"2444",3,203,7,7,"ba?","exp_3"
"2445",3,203,7,8,"a?r?s?n?","exp_3"
"2446",3,203,7,9,"engellemeye","exp_3"
"2447",3,203,7,10,"yetmemi?ti.","exp_3"
"2448",3,186,5,1,"Biz","exp_3"
"2449",3,186,5,2,"o","exp_3"
"2450",3,186,5,3,"mekan?n","exp_3"
"2451",3,186,5,4,"a??l???na","exp_3"
"2452",3,186,5,5,"d?n","exp_3"
"2453",3,186,5,6,"kat?ld?k.","exp_3"
"2454",3,198,5,1,"Ev","exp_3"
"2455",3,198,5,2,"ta??rken","exp_3"
"2456",3,198,5,3,"?ok","exp_3"
"2457",3,198,5,4,"fazla","exp_3"
"2458",3,198,5,5,"bo?","exp_3"
"2459",3,198,5,6,"kutuya","exp_3"
"2460",3,198,5,7,"ihtiya?","exp_3"
"2461",3,198,5,8,"oluyor.","exp_3"
"2462",3,214,3,1,"Evdeki","exp_3"
"2463",3,214,3,2,"soba","exp_3"
"2464",3,214,3,3,"iyi","exp_3"
"2465",3,214,3,4,"?s?tm?yor","exp_3"
"2466",3,214,3,5,"bu","exp_3"
"2467",3,214,3,6,"y?zden","exp_3"
"2468",3,214,3,7,"yeni","exp_3"
"2469",3,214,3,8,"bir","exp_3"
"2470",3,214,3,9,"?s?t?c?","exp_3"
"2471",3,214,3,10,"almay?","exp_3"
"2472",3,214,3,11,"d???n?yorum.","exp_3"
"2473",3,194,6,1,"?alan","exp_3"
"2474",3,194,6,2,"kap?y?","exp_3"
"2475",3,194,6,3,"duymad???","exp_3"
"2476",3,194,6,4,"i?in","exp_3"
"2477",3,194,6,5,"penceresine","exp_3"
"2478",3,194,6,6,"ta?","exp_3"
"2479",3,194,6,7,"att?k","exp_3"
"2480",3,194,6,8,"fakat","exp_3"
"2481",3,194,6,9,"yinede","exp_3"
"2482",3,194,6,10,"uyanmad?.","exp_3"
"2483",3,230,8,1,"Annem","exp_3"
"2484",3,230,8,2,"ile","exp_3"
"2485",3,230,8,3,"babam","exp_3"
"2486",3,230,8,4,"A?ustos","exp_3"
"2487",3,230,8,5,"ay?nda","exp_3"
"2488",3,230,8,6,"gelip","exp_3"
"2489",3,230,8,7,"be?","exp_3"
"2490",3,230,8,8,"g?n","exp_3"
"2491",3,230,8,9,"kalacaklar","exp_3"
"2492",3,230,8,10,"o","exp_3"
"2493",3,230,8,11,"y?zden","exp_3"
"2494",3,230,8,12,"o","exp_3"
"2495",3,230,8,13,"tarih","exp_3"
"2496",3,230,8,14,"aral???na","exp_3"
"2497",3,230,8,15,"ba?ka","exp_3"
"2498",3,230,8,16,"plan","exp_3"
"2499",3,230,8,17,"yapam?yorum.","exp_3"
"2500",3,185,6,1,"K?z","exp_3"
"2501",3,185,6,2,"isteme","exp_3"
"2502",3,185,6,3,"t?reninde","exp_3"
"2503",3,185,6,4,"damad?n","exp_3"
"2504",3,185,6,5,"kahvesine","exp_3"
"2505",3,185,6,6,"tuz","exp_3"
"2506",3,185,6,7,"koyulur","exp_3"
"2507",3,185,6,8,"diye","exp_3"
"2508",3,185,6,9,"i?ine","exp_3"
"2509",3,185,6,10,"koymad?k","exp_3"
"2510",3,185,6,11,"?ey","exp_3"
"2511",3,185,6,12,"b?rakmad?.","exp_3"
"2512",3,217,6,1,"S?nava","exp_3"
"2513",3,217,6,2,"girmeden","exp_3"
"2514",3,217,6,3,"?nce","exp_3"
"2515",3,217,6,4,"notlar?","exp_3"
"2516",3,217,6,5,"son","exp_3"
"2517",3,217,6,6,"kez","exp_3"
"2518",3,217,6,7,"okudum","exp_3"
"2519",3,217,6,8,"ama","exp_3"
"2520",3,217,6,9,"yine","exp_3"
"2521",3,217,6,10,"de","exp_3"
"2522",3,217,6,11,"s?navda","exp_3"
"2523",3,217,6,12,"akl?ma","exp_3"
"2524",3,217,6,13,"gelmedi.","exp_3"
"2525",3,234,6,1,"Hafta","exp_3"
"2526",3,234,6,2,"sonu","exp_3"
"2527",3,234,6,3,"pikni?e","exp_3"
"2528",3,234,6,4,"s?n?f","exp_3"
"2529",3,234,6,5,"arkada?lar?m","exp_3"
"2530",3,234,6,6,"ile","exp_3"
"2531",3,234,6,7,"gidece?im","exp_3"
"2532",3,234,6,8,"ama","exp_3"
"2533",3,234,6,9,"istersen","exp_3"
"2534",3,234,6,10,"sen","exp_3"
"2535",3,234,6,11,"de","exp_3"
"2536",3,234,6,12,"gelebilirsin.","exp_3"
"2537",3,247,7,1,"Ak?ama","exp_3"
"2538",3,247,7,2,"gelecek","exp_3"
"2539",3,247,7,3,"arkada?lar?m","exp_3"
"2540",3,247,7,4,"i?in","exp_3"
"2541",3,247,7,5,"?ay","exp_3"
"2542",3,247,7,6,"ve","exp_3"
"2543",3,247,7,7,"kek","exp_3"
"2544",3,247,7,8,"yapt?m","exp_3"
"2545",3,247,7,9,"ama","exp_3"
"2546",3,247,7,10,"gelmekten","exp_3"
"2547",3,247,7,11,"vazge?tiler.","exp_3"
"2548",3,248,5,1,"?nternetten","exp_3"
"2549",3,248,5,2,"ald???m","exp_3"
"2550",3,248,5,3,"ayakkab?","exp_3"
"2551",3,248,5,4,"?ok","exp_3"
"2552",3,248,5,5,"dar","exp_3"
"2553",3,248,5,6,"geldi","exp_3"
"2554",3,248,5,7,"bu","exp_3"
"2555",3,248,5,8,"y?zden","exp_3"
"2556",3,248,5,9,"sana","exp_3"
"2557",3,248,5,10,"getirdim.","exp_3"
"2558",3,225,9,1,"Annem","exp_3"
"2559",3,225,9,2,"yeni","exp_3"
"2560",3,225,9,3,"y?l","exp_3"
"2561",3,225,9,4,"kutlamas?na","exp_3"
"2562",3,225,9,5,"?zel","exp_3"
"2563",3,225,9,6,"yapaca??m","exp_3"
"2564",3,225,9,7,"tatl?","exp_3"
"2565",3,225,9,8,"i?in","exp_3"
"2566",3,225,9,9,"s?t","exp_3"
"2567",3,225,9,10,"ald?","exp_3"
"2568",3,225,9,11,"ama","exp_3"
"2569",3,225,9,12,"tatl?","exp_3"
"2570",3,225,9,13,"yapmaya","exp_3"
"2571",3,225,9,14,"vaktimiz","exp_3"
"2572",3,225,9,15,"olmad?.","exp_3"
"2573",3,170,4,1,"D??ar?dan","exp_3"
"2574",3,170,4,2,"bak?ld???nda","exp_3"
"2575",3,170,4,3,"olduk?a","exp_3"
"2576",3,170,4,4,"saf","exp_3"
"2577",3,170,4,5,"g?r?n?yordu","exp_3"
"2578",3,170,4,6,"ama","exp_3"
"2579",3,170,4,7,"onu","exp_3"
"2580",3,170,4,8,"tan?yan","exp_3"
"2581",3,170,4,9,"herkes","exp_3"
"2582",3,170,4,10,"k?t?","exp_3"
"2583",3,170,4,11,"bir","exp_3"
"2584",3,170,4,12,"insan","exp_3"
"2585",3,170,4,13,"oldu?unu","exp_3"
"2586",3,170,4,14,"biliyordu.","exp_3"
"2587",3,239,7,1,"Balkonumuza","exp_3"
"2588",3,239,7,2,"gelen","exp_3"
"2589",3,239,7,3,"ku?a","exp_3"
"2590",3,239,7,4,"annem","exp_3"
"2591",3,239,7,5,"her","exp_3"
"2592",3,239,7,6,"g?n","exp_3"
"2593",3,239,7,7,"yem","exp_3"
"2594",3,239,7,8,"veriyor","exp_3"
"2595",3,239,7,9,"o","exp_3"
"2596",3,239,7,10,"y?zden","exp_3"
"2597",3,239,7,11,"ku?","exp_3"
"2598",3,239,7,12,"annemden","exp_3"
"2599",3,239,7,13,"hi?","exp_3"
"2600",3,239,7,14,"korkmuyor.","exp_3"
"2601",3,201,7,1,"Bana","exp_3"
"2602",3,201,7,2,"ald???","exp_3"
"2603",3,201,7,3,"vazo","exp_3"
"2604",3,201,7,4,"k?r?l?nca","exp_3"
"2605",3,201,7,5,"her","exp_3"
"2606",3,201,7,6,"taraf","exp_3"
"2607",3,201,7,7,"cam","exp_3"
"2608",3,201,7,8,"k?r???","exp_3"
"2609",3,201,7,9,"oldu","exp_3"
"2610",3,201,7,10,"ve","exp_3"
"2611",3,201,7,11,"temizlemesi","exp_3"
"2612",3,201,7,12,"?ok","exp_3"
"2613",3,201,7,13,"uzun","exp_3"
"2614",3,201,7,14,"s?rd?.","exp_3"
"2615",3,241,4,1,"En","exp_3"
"2616",3,241,4,2,"sevdi?im","exp_3"
"2617",3,241,4,3,"kalemimin","exp_3"
"2618",3,241,4,4,"ucu","exp_3"
"2619",3,241,4,5,"bozulmu?","exp_3"
"2620",3,241,4,6,"o","exp_3"
"2621",3,241,4,7,"y?zden","exp_3"
"2622",3,241,4,8,"s?nav?m","exp_3"
"2623",3,241,4,9,"k?t?","exp_3"
"2624",3,241,4,10,"ge?ti.","exp_3"
"2625",3,183,4,1,"??","exp_3"
"2626",3,183,4,2,"g?nd?r","exp_3"
"2627",3,183,4,3,"aral?ks?z","exp_3"
"2628",3,183,4,4,"g?k","exp_3"
"2629",3,183,4,5,"g?rledi?i","exp_3"
"2630",3,183,4,6,"i?in","exp_3"
"2631",3,183,4,7,"korkmaya","exp_3"
"2632",3,183,4,8,"ba?lad?k.","exp_3"
"2633",3,165,8,1,"O","exp_3"
"2634",3,165,8,2,"kadar","exp_3"
"2635",3,165,8,3,"?ok","exp_3"
"2636",3,165,8,4,"ya?mur","exp_3"
"2637",3,165,8,5,"ya?d?","exp_3"
"2638",3,165,8,6,"ki","exp_3"
"2639",3,165,8,7,"adeta","exp_3"
"2640",3,165,8,8,"g?k","exp_3"
"2641",3,165,8,9,"delindi","exp_3"
"2642",3,165,8,10,"ve","exp_3"
"2643",3,165,8,11,"karde?im","exp_3"
"2644",3,165,8,12,"?ok","exp_3"
"2645",3,165,8,13,"korktu.","exp_3"
"2646",3,215,6,1,"Bu","exp_3"
"2647",3,215,6,2,"havuzu","exp_3"
"2648",3,215,6,3,"doldurmak","exp_3"
"2649",3,215,6,4,"i?in","exp_3"
"2650",3,215,6,5,"ta?lar","exp_3"
"2651",3,215,6,6,"iri","exp_3"
"2652",3,215,6,7,"se?ilmelidir","exp_3"
"2653",3,215,6,8,"yoksa","exp_3"
"2654",3,215,6,9,"bombo?","exp_3"
"2655",3,215,6,10,"kalabilir.","exp_3"
"2656",3,240,7,1,"Gen?","exp_3"
"2657",3,240,7,2,"k?z","exp_3"
"2658",3,240,7,3,"otob?se","exp_3"
"2659",3,240,7,4,"binen","exp_3"
"2660",3,240,7,5,"hamile","exp_3"
"2661",3,240,7,6,"kad?na","exp_3"
"2662",3,240,7,7,"yer","exp_3"
"2663",3,240,7,8,"verdi","exp_3"
"2664",3,240,7,9,"ama","exp_3"
"2665",3,240,7,10,"kad?n","exp_3"
"2666",3,240,7,11,"oturmak","exp_3"
"2667",3,240,7,12,"istemedi.","exp_3"
"2668",3,179,4,1,"?arpman?n","exp_3"
"2669",3,179,4,2,"etkisiyle","exp_3"
"2670",3,179,4,3,"ba??ndan","exp_3"
"2671",3,179,4,4,"kan","exp_3"
"2672",3,179,4,5,"ak?yordu","exp_3"
"2673",3,179,4,6,"bunu","exp_3"
"2674",3,179,4,7,"g?ren","exp_3"
"2675",3,179,4,8,"karde?i","exp_3"
"2676",3,179,4,9,"bay?ld?.","exp_3"
"2677",3,209,5,1,"??","exp_3"
"2678",3,209,5,2,"arkada?lar?mla","exp_3"
"2679",3,209,5,3,"girdi?im","exp_3"
"2680",3,209,5,4,"toplant?","exp_3"
"2681",3,209,5,5,"iyi","exp_3"
"2682",3,209,5,6,"ge?ti","exp_3"
"2683",3,209,5,7,"ama","exp_3"
"2684",3,209,5,8,"yine","exp_3"
"2685",3,209,5,9,"de","exp_3"
"2686",3,209,5,10,"projeye","exp_3"
"2687",3,209,5,11,"al?nabilece?imi","exp_3"
"2688",3,209,5,12,"sanm?yorum.","exp_3"
"2689",3,245,6,1,"Y?kad???m","exp_3"
"2690",3,245,6,2,"?ama??rlar?","exp_3"
"2691",3,245,6,3,"ipe","exp_3"
"2692",3,245,6,4,"asarken","exp_3"
"2693",3,245,6,5,"yanl??l?kla","exp_3"
"2694",3,245,6,6,"ipi","exp_3"
"2695",3,245,6,7,"kopard?m","exp_3"
"2696",3,245,6,8,"o","exp_3"
"2697",3,245,6,9,"y?zden","exp_3"
"2698",3,245,6,10,"?ama??rlar?m","exp_3"
"2699",3,245,6,11,"?slak","exp_3"
"2700",3,245,6,12,"kald?.","exp_3"
"2701",3,243,6,1,"Salon","exp_3"
"2702",3,243,6,2,"i?in","exp_3"
"2703",3,243,6,3,"ald???m?z","exp_3"
"2704",3,243,6,4,"tabloyu","exp_3"
"2705",3,243,6,5,"duvara","exp_3"
"2706",3,243,6,6,"zor","exp_3"
"2707",3,243,6,7,"ast?k","exp_3"
"2708",3,243,6,8,"??nk?","exp_3"
"2709",3,243,6,9,"beton","exp_3"
"2710",3,243,6,10,"?ivisi","exp_3"
"2711",3,243,6,11,"almay?","exp_3"
"2712",3,243,6,12,"unutmu?uz.","exp_3"
"2713",3,182,3,1,"Mevsim","exp_3"
"2714",3,182,3,2,"sebzelerini","exp_3"
"2715",3,182,3,3,"?i?","exp_3"
"2716",3,182,3,4,"yemek","exp_3"
"2717",3,182,3,5,"daha","exp_3"
"2718",3,182,3,6,"yararl?","exp_3"
"2719",3,182,3,7,"diyorlar.","exp_3"
"2720",3,213,4,1,"Kar??daki","exp_3"
"2721",3,213,4,2,"adaya","exp_3"
"2722",3,213,4,3,"bir?ok","exp_3"
"2723",3,213,4,4,"kez","exp_3"
"2724",3,213,4,5,"gittim","exp_3"
"2725",3,213,4,6,"ama","exp_3"
"2726",3,213,4,7,"yine","exp_3"
"2727",3,213,4,8,"de","exp_3"
"2728",3,213,4,9,"bahsetti?in","exp_3"
"2729",3,213,4,10,"yeri","exp_3"
"2730",3,213,4,11,"hi?","exp_3"
"2731",3,213,4,12,"g?rmemi?tim.","exp_3"
"2732",3,192,6,1,"Sa?lar?","exp_3"
"2733",3,192,6,2,"b?yle","exp_3"
"2734",3,192,6,3,"d?k?lmeye","exp_3"
"2735",3,192,6,4,"devam","exp_3"
"2736",3,192,6,5,"ederse","exp_3"
"2737",3,192,6,6,"kel","exp_3"
"2738",3,192,6,7,"kalacak","exp_3"
"2739",3,192,6,8,"diye","exp_3"
"2740",3,192,6,9,"?ok","exp_3"
"2741",3,192,6,10,"korkmaya","exp_3"
"2742",3,192,6,11,"ba?lad?.","exp_3"
"2743",3,178,3,1,"G?venlik","exp_3"
"2744",3,178,3,2,"g?revlileri","exp_3"
"2745",3,178,3,3,"iri","exp_3"
"2746",3,178,3,4,"adamlard?","exp_3"
"2747",3,178,3,5,"ve","exp_3"
"2748",3,178,3,6,"herkesi","exp_3"
"2749",3,178,3,7,"korkutuyorlard?.","exp_3"
